ORIGIN,JWMNP,FINCP,GRNTP,HINCP,SMOCP,PINCP,HH_COST,PERNP,WAGP,UNEMP,EMP,type
0100190,20.0,57200.0,640.0,50400.0,510.0,34400.0,0.13921507064364208,31350.0,30000.0,53,1023,stayers
0100290,20.0,77000.0,755.0,68170.0,847.0,39600.0,0.14653846153846153,35000.0,34000.0,104,2020,stayers
0100400,20.0,54200.0,630.0,49610.0,535.0,31500.0,0.13987417840375588,30000.0,29000.0,10,499,stayers
0100600,20.0,68800.0,591.0,61800.0,668.0,36000.0,0.1384918032786885,33000.0,32000.0,25,488,stayers
0100700,20.0,61000.0,640.0,55275.0,656.0,35000.0,0.1517255297679112,34000.0,31000.0,23,400,stayers
0100800,30.0,60000.0,648.0,54200.0,650.0,36500.0,0.14859068346697213,35000.0,32000.0,18,437,stayers
0100900,20.0,59000.0,621.0,52300.0,574.5,30100.0,0.14574969474969476,29150.0,26700.0,12,308,stayers
0101000,20.0,60000.0,627.0,50600.0,539.5,34000.0,0.13912857390400277,32000.0,31000.0,22,465,stayers
0101100,20.0,59100.0,600.0,52400.0,529.0,34950.0,0.12926640926640928,31150.0,30000.0,20,338,stayers
0101200,25.0,93850.0,1060.0,86750.0,1137.5,50000.0,0.15440402330329134,47500.0,45000.0,29,810,stayers
0101300,20.0,70000.0,850.0,63100.0,915.0,39215.0,0.16620167886353854,35000.0,35000.0,129,2091,stayers
0101590,20.0,70000.0,830.0,59410.0,819.0,39125.0,0.15325301204819275,36000.0,35000.0,29,669,stayers
0101700,20.0,55000.0,650.0,43100.0,522.0,30000.0,0.1611134903640257,28000.0,26000.0,35,365,stayers
0101800,20.0,54400.0,650.5,51300.0,534.0,31600.0,0.12987740805604203,30000.0,30000.0,19,444,stayers
0101900,15.0,80000.0,834.0,69000.0,903.5,35000.0,0.156,32000.0,30000.0,12,434,stayers
0102090,20.0,70000.0,852.0,62000.0,788.0,38000.0,0.16182857142857143,35000.0,35000.0,62,1115,stayers
0102200,15.0,47300.0,590.0,42000.0,472.0,30000.0,0.15000000000000002,28000.0,26000.0,36,407,stayers
0102300,20.0,62000.0,643.0,53750.0,562.0,33450.0,0.13289002557544757,30000.0,28000.0,39,665,stayers
0102400,20.0,52000.0,668.0,44700.0,565.0,30000.0,0.16963235294117648,26450.0,25000.0,43,477,stayers
0102500,15.0,62000.0,730.0,54800.0,733.0,34000.0,0.15627906976744188,30000.0,30000.0,86,1700,stayers
0102600,20.0,79700.0,860.0,70000.0,850.0,41350.0,0.14685777287761853,40000.0,36000.0,19,515,stayers
0102700,20.0,64200.0,823.0,56450.0,761.0,35000.0,0.1617,32100.0,32000.0,57,1308,stayers
0400100,20.0,80800.0,1127.0,75000.0,1150.0,40000.0,0.18218623481781376,40000.0,37000.0,678,15337,stayers
0400200,20.0,70000.0,952.0,62490.0,930.0,35550.0,0.17498771498771498,32000.0,31000.0,212,3542,stayers
0400300,20.0,41100.0,552.5,36000.0,233.0,29000.0,0.11076923076923079,27000.0,26250.0,98,846,stayers
0400400,15.0,65000.0,1120.0,61750.0,464.0,30000.0,0.13810344827586207,29050.0,27150.0,47,595,stayers
0400500,15.0,60000.0,944.0,55350.0,811.0,33000.0,0.18204334365325076,30000.0,27400.0,29,587,stayers
0400600,15.0,52800.0,781.0,50000.0,605.0,32000.0,0.16073394495412843,29150.0,28000.0,45,553,stayers
0400700,15.0,55450.0,885.0,53600.0,695.0,30000.0,0.16615384615384615,28000.0,26000.0,41,567,stayers
0400800,20.0,64100.0,892.0,60000.0,743.0,36400.0,0.1486682808716707,33000.0,31500.0,85,1282,stayers
0400900,15.0,59000.0,760.0,53300.0,680.0,30910.0,0.16208053691275168,27000.0,25000.0,38,574,stayers
0500100,15.0,77400.0,880.0,72600.0,980.0,40000.0,0.14982118211821183,38000.0,35000.0,28,1029,stayers
0500200,20.0,78000.0,780.0,67700.0,944.5,38750.0,0.15225806451612903,36000.0,35000.0,26,660,stayers
0500300,15.0,51900.0,670.0,45600.0,511.0,29855.0,0.1504424778761062,25000.0,24000.0,25,551,stayers
0500400,15.0,53440.0,643.0,46000.0,508.0,28700.0,0.14210526315789473,26000.0,25000.0,20,504,stayers
0500590,15.0,59200.0,680.0,51000.0,595.5,31600.0,0.14129729729729731,30000.0,27000.0,55,1158,stayers
0500700,15.0,52000.0,637.5,44500.0,450.0,30000.0,0.1404255319148936,28800.0,26500.0,20,375,stayers
0500800,15.0,53200.0,625.0,45800.0,513.0,33200.0,0.1476718403547672,31000.0,28000.0,21,426,stayers
0500900,17.5,72900.0,872.0,63000.0,888.0,39200.0,0.16767123287671232,35900.0,35000.0,51,1144,stayers
0501100,20.0,73000.0,763.0,63600.0,804.0,37700.0,0.15652173913043477,36000.0,35000.0,31,725,stayers
0501200,26.5,82000.0,912.5,75400.0,920.0,43000.0,0.14351020408163265,40000.0,40000.0,9,438,stayers
0501300,15.0,58000.0,651.0,52700.0,595.0,30000.0,0.14857696030977735,28000.0,26950.0,37,551,stayers
0501400,15.0,60000.0,650.0,54300.0,628.0,34000.0,0.14700854700854699,30000.0,30000.0,26,572,stayers
0501500,20.0,49500.0,596.0,46000.0,470.0,26500.0,0.14700000000000002,25000.0,24000.0,21,422,stayers
0501600,15.0,62000.0,668.0,50950.0,605.5,32000.0,0.1448888888888889,30000.0,29000.0,21,510,stayers
0501790,17.0,59000.0,620.0,50400.0,488.0,34500.0,0.13383529411764705,31000.0,30000.0,56,741,stayers
0501900,15.0,61600.0,588.0,53320.0,467.5,30000.0,0.12349592947886959,28000.0,27000.0,26,337,stayers
0502000,15.0,57450.0,654.0,51000.0,525.0,32000.0,0.12636363636363637,30000.0,28000.0,18,409,stayers
0600100,30.0,123300.0,1786.0,116500.0,2333.0,55000.0,0.21512195121951216,50000.0,50000.0,341,7539,stayers
0600300,15.0,73700.0,1161.0,66200.0,1181.0,35000.0,0.2071011235955056,32000.0,30000.0,38,661,stayers
0600700,15.0,65400.0,1050.0,60000.0,994.0,36000.0,0.20400000000000001,32000.0,30000.0,47,784,stayers
0601100,15.0,70000.0,866.0,60000.0,1039.0,34000.0,0.19855084413034946,30000.0,25000.0,29,482,stayers
0601300,30.0,120000.0,1820.0,113350.0,2201.0,60000.0,0.21222591362126247,54000.0,50000.0,187,4301,stayers
0601500,15.0,57600.0,808.0,51000.0,694.0,37000.0,0.1793103448275862,32750.0,27000.0,29,541,stayers
0601700,20.0,105000.0,1460.0,96850.0,1877.5,54000.0,0.2192896448224112,50000.0,47000.0,27,664,stayers
0601900,20.0,66050.0,1000.0,64000.0,1233.0,31100.0,0.20873558799350517,30000.0,27000.0,272,3255,stayers
0602300,15.0,74800.0,958.0,61400.0,1132.0,35000.0,0.21626794258373205,30000.0,24000.0,27,478,stayers
0602500,15.0,64000.0,840.0,60000.0,913.5,30000.0,0.18367346938775508,27700.0,25950.0,51,427,stayers
0602900,20.0,61200.0,990.0,60000.0,1072.5,31000.0,0.21255783212161272,30000.0,28000.0,200,2298,stayers
0603100,15.0,62850.0,940.0,65000.0,1091.0,32000.0,0.20086363636363638,30000.0,30000.0,34,437,stayers
0603300,15.0,64900.0,1110.0,60070.0,975.0,30000.0,0.2004976076555024,26250.0,23000.0,43,541,stayers
0603700,30.0,81220.0,1400.0,79500.0,1850.5,35000.0,0.24324324324324326,34000.0,30000.0,2574,43588,stayers
0603900,25.0,58720.0,970.0,59160.0,1041.0,30000.0,0.21064077669902914,28000.0,24000.0,31,362,stayers
0604100,30.0,155000.0,2005.5,137000.0,2760.0,74000.0,0.22199999999999998,65000.0,56000.0,36,981,stayers
0604700,15.0,60500.0,990.0,57800.0,1170.0,30000.0,0.22479841897233202,29000.0,26000.0,85,791,stayers
0605300,20.0,86000.0,1511.5,83850.0,1780.0,35000.0,0.23321142857142857,32000.0,30000.0,106,1890,stayers
0605500,20.0,113350.0,1854.5,104700.0,1979.0,52000.0,0.2035834266517357,50000.0,44000.0,19,752,stayers
0605700,20.0,80700.0,1355.0,74100.0,1578.0,48475.0,0.2424742268041237,44700.0,40000.0,20,344,stayers
0605900,25.0,103300.0,1757.0,100260.0,2058.0,43000.0,0.2282445167093337,40000.0,38000.0,543,13052,stayers
0606100,25.0,105550.0,1557.0,96700.0,2000.0,54840.0,0.2237746850761868,50000.0,48000.0,66,1532,stayers
0606500,25.0,80800.0,1370.0,77000.0,1502.0,36000.0,0.22105692803437163,35000.0,30000.0,550,8055,stayers
0606700,20.0,85300.0,1290.0,80000.0,1520.0,41560.0,0.21515044247787612,40000.0,37000.0,334,5701,stayers
0607100,23.0,75900.0,1280.0,72000.0,1397.0,34800.0,0.21904926534140018,32000.0,30000.0,452,6462,stayers
0607300,20.0,95650.0,1570.0,90000.0,1955.0,41000.0,0.23086680761099365,40000.0,36000.0,616,12113,stayers
0607500,30.0,135000.0,1935.5,132000.0,2390.5,69000.0,0.18972332015810275,65000.0,60000.0,141,3897,stayers
0607700,20.0,76300.0,1200.0,72000.0,1375.0,37650.0,0.2187341772151899,35000.0,32000.0,152,2426,stayers
0607900,15.0,96000.0,1450.0,83000.0,1790.0,46550.0,0.22208695652173913,40000.0,34250.0,28,878,stayers
0608100,25.0,151000.0,2350.0,140370.0,2598.0,67000.0,0.2082909090909091,63000.0,60000.0,98,3489,stayers
0608300,15.0,93000.0,1580.0,88700.0,1689.5,40000.0,0.22712466843501328,36000.0,33000.0,82,1569,stayers
0608500,25.0,139950.0,2260.0,135000.0,2503.0,62000.0,0.2064,60000.0,55000.0,319,8400,stayers
0608700,20.0,113000.0,1658.0,105000.0,2203.0,48000.0,0.22226277372262773,42000.0,37000.0,60,1047,stayers
0608900,15.0,70000.0,1090.0,63000.0,1100.0,35800.0,0.2025,32000.0,30000.0,38,725,stayers
0609500,25.0,100000.0,1692.0,96000.0,1844.0,44600.0,0.21530145530145534,40000.0,40000.0,101,1672,stayers
0609700,20.0,104600.0,1671.0,95300.0,1877.0,47250.0,0.21885162023877203,41000.0,37000.0,81,2025,stayers
0609900,20.0,71200.0,1150.0,68000.0,1238.0,35000.0,0.21592,33000.0,30000.0,137,1643,stayers
0610100,20.0,78000.0,1070.0,74050.0,1310.0,40000.0,0.20383561643835618,35000.0,32500.0,26,629,stayers
0610700,15.0,55700.0,900.0,54000.0,999.0,29000.0,0.2041818181818182,26550.0,24000.0,176,1486,stayers
0611100,25.0,98400.0,1800.0,96400.0,1997.0,42300.0,0.23088,40000.0,36000.0,185,3514,stayers
0611300,20.0,104000.0,1400.0,87500.0,1738.0,45000.0,0.20718367346938776,40000.0,36400.0,49,739,stayers
0800100,20.0,97020.0,1300.0,84700.0,1354.0,45000.0,0.18939289805269188,41800.0,40000.0,53,1265,stayers
0800190,25.0,99400.0,1323.0,90500.0,1490.0,49500.0,0.18424470422451883,45000.0,43000.0,475,15294,stayers
0800200,15.0,84450.0,1133.0,76000.0,1243.0,44000.0,0.18490468398095616,40000.0,40000.0,14,419,stayers
0800400,15.0,102550.0,1500.0,100000.0,1413.0,45000.0,0.19913705583756347,41800.0,40000.0,14,394,stayers
0800690,15.0,61850.0,790.0,54000.0,762.0,36000.0,0.1701897810218978,32700.0,30000.0,80,1463,stayers
0800900,15.0,73000.0,980.0,65000.0,903.5,36550.0,0.1719985775248933,34850.0,30000.0,29,629,stayers
0801000,15.0,67700.0,930.0,60000.0,960.0,36000.0,0.18997921330348577,32300.0,30000.0,38,825,stayers
0804100,20.0,85000.0,1167.5,78000.0,1259.0,40000.0,0.18348387096774194,38000.0,36000.0,123,2430,stayers
0900100,20.0,128000.0,1500.0,116100.0,2257.0,56000.0,0.2091110128261831,50000.0,50000.0,236,4161,stayers
0900300,20.0,100000.0,1080.0,91000.0,1608.0,50000.0,0.19624999999999998,47200.0,45000.0,200,3895,stayers
0900500,20.0,104800.0,1030.0,95000.0,1601.0,50000.0,0.19584151224874372,49000.0,44000.0,47,1035,stayers
0900700,20.0,111000.0,1150.0,100800.0,1725.0,55000.0,0.19570818245804467,50000.0,50000.0,29,763,stayers
0900900,20.0,99000.0,1150.0,87000.0,1640.0,50000.0,0.20519688566882427,45000.0,42100.0,204,3247,stayers
0901100,20.0,100000.0,1129.0,89000.0,1557.0,50000.0,0.19526132404181185,47000.0,45000.0,48,1265,stayers
0901300,25.0,112000.0,1050.0,99050.0,1598.0,49200.0,0.18496842105263156,45000.0,42000.0,19,685,stayers
0901500,20.0,91650.0,900.0,82000.0,1228.0,45000.0,0.17286531241453046,40000.0,36500.0,23,530,stayers
1000100,20.0,97200.0,1110.0,86000.0,1252.0,49200.0,0.16619670948188772,45000.0,44000.0,102,2053,stayers
1000200,20.0,77300.0,1090.5,71200.0,1088.5,38000.0,0.1706086956521739,32000.0,31000.0,37,572,stayers
1000300,20.0,78100.0,1083.0,71600.0,1023.0,40950.0,0.1658072590738423,35050.0,34000.0,45,901,stayers
1100100,30.0,125450.0,1550.0,110000.0,2017.0,65700.0,0.20254237288135593,64500.0,60000.0,163,2887,stayers
1200100,20.0,76600.0,975.5,60900.0,859.0,37000.0,0.18497560975609756,35000.0,34000.0,42,924,stayers
1200500,20.0,68450.0,960.5,60000.0,770.0,34000.0,0.16757023164120258,31000.0,30000.0,56,1175,stayers
1200900,20.0,71700.0,1030.0,63200.0,908.0,39700.0,0.18026461650402326,35000.0,35000.0,82,1947,stayers
1201100,25.0,81400.0,1395.0,74200.0,1332.5,39690.0,0.22054054054054054,36500.0,35000.0,369,7090,stayers
1201500,20.0,64500.0,990.0,59000.0,819.0,37550.0,0.1667881311816762,32000.0,30000.0,20,464,stayers
1201701,20.0,56050.0,860.0,50000.0,550.0,30000.0,0.15298198799199464,28000.0,27000.0,15,360,stayers
1201900,30.0,77000.0,1130.0,74900.0,952.0,37000.0,0.15697566049170392,35000.0,34000.0,28,677,stayers
1202100,20.0,88000.0,1190.0,80200.0,1234.0,38000.0,0.18127811264501914,33400.0,31700.0,40,1122,stayers
1202300,20.0,52600.0,787.0,49300.0,549.0,29200.0,0.15825757575757576,27000.0,25000.0,43,622,stayers
1202790,15.0,55200.0,800.0,50300.0,533.0,29000.0,0.1456130483689539,27000.0,25000.0,45,772,stayers
1203100,20.0,73000.0,1010.0,64350.0,1030.0,38000.0,0.1873170731707317,35000.0,34000.0,164,3354,stayers
1203300,20.0,69000.0,975.0,61900.0,792.0,32550.0,0.1616216216216216,30000.0,29000.0,57,1223,stayers
1203590,20.0,63000.0,1050.0,56600.0,865.5,35000.0,0.18745945945945947,30000.0,30000.0,100,2185,stayers
1205301,20.0,55800.0,902.0,51600.0,637.0,31000.0,0.15888,29000.0,27800.0,51,620,stayers
1205700,25.0,78600.0,1101.0,70020.0,1110.0,39000.0,0.1871866295264624,36450.0,35000.0,244,5704,stayers
1206100,15.0,73000.0,998.0,62300.0,905.0,35790.0,0.17234587049243894,31200.0,29000.0,19,398,stayers
1206300,20.0,60840.0,698.5,53100.0,601.0,32000.0,0.1547222222222222,30000.0,29900.0,34,698,stayers
1206900,20.0,65400.0,1000.0,58900.0,720.0,36000.0,0.1621689259645464,32000.0,30000.0,57,1150,stayers
1207100,20.0,70200.0,1150.5,64010.0,938.0,35500.0,0.18307905686546463,32000.0,30000.0,116,2440,stayers
1207300,20.0,86870.0,1040.0,74000.0,1111.0,40000.0,0.17672965797282525,37000.0,36000.0,65,1164,stayers
1208100,20.0,74100.0,1080.0,66000.0,1008.0,40000.0,0.17826515151515152,35300.0,34000.0,49,1305,stayers
1208300,20.0,58100.0,848.5,53400.0,611.5,30200.0,0.15925010912265386,28000.0,26500.0,53,888,stayers
1208500,20.0,89800.0,1060.0,75700.0,1048.5,44000.0,0.1800731707317073,40000.0,35000.0,22,491,stayers
1208690,30.0,67000.0,1330.0,65000.0,1323.0,32000.0,0.23753333333333337,30000.0,30000.0,569,10350,stayers
1208900,27.0,75000.0,1120.0,72000.0,1098.5,39000.0,0.1669868073878628,36000.0,35000.0,17,408,stayers
1209100,20.0,86000.0,1041.5,78055.0,1095.5,37000.0,0.17202614379084968,33000.0,32000.0,38,828,stayers
1209500,25.0,72000.0,1130.0,65700.0,1147.0,34000.0,0.20010559662090815,32000.0,30000.0,217,4664,stayers
1209700,30.0,62120.0,1195.0,60700.0,1075.0,30000.0,0.2016,29000.0,28000.0,39,903,stayers
1209900,20.0,80200.0,1350.0,73000.0,1248.0,40000.0,0.2064459930313589,36450.0,35000.0,283,5681,stayers
1210100,30.0,64200.0,1001.5,59000.0,837.5,38000.0,0.17037037037037037,35000.0,34000.0,92,2240,stayers
1210300,20.0,76200.0,1100.0,66000.0,1002.0,40000.0,0.19028768699654777,36400.0,35000.0,168,4130,stayers
1210500,20.0,62500.0,980.0,58500.0,792.0,35000.0,0.1701639344262295,31575.0,30000.0,123,2523,stayers
1210790,20.0,78000.0,871.0,70000.0,966.0,41350.0,0.1704,38000.0,37000.0,44,956,stayers
1211100,20.0,62150.0,1118.0,58000.0,871.0,31000.0,0.20106666666666667,28000.0,26500.0,44,713,stayers
1211300,25.0,73800.0,1085.0,72600.0,1080.0,40150.0,0.17106870229007634,38000.0,35100.0,18,524,stayers
1211500,20.0,78500.0,1200.0,69050.0,977.0,40000.0,0.17125,34000.0,30000.0,51,1402,stayers
1211700,25.0,89000.0,1253.0,80000.0,1224.0,41000.0,0.18075,39500.0,37800.0,85,1970,stayers
1212100,20.0,55200.0,670.0,49000.0,522.0,33100.0,0.15808383233532933,31900.0,30000.0,11,275,stayers
1300100,18.0,82000.0,933.0,69600.0,971.5,40000.0,0.16920454545454547,35000.0,33800.0,30,497,stayers
1300200,20.0,64850.0,1030.0,61210.0,888.0,36000.0,0.18027572427572428,34000.0,32000.0,25,414,stayers
1300300,25.0,73475.0,782.0,62000.0,820.0,35000.0,0.1547663551401869,32000.0,31000.0,30,595,stayers
1300400,15.0,69000.0,1000.0,62000.0,1086.0,38000.0,0.19214392803598201,35000.0,32000.0,52,1016,stayers
1300500,20.0,50150.0,600.0,47000.0,537.0,31000.0,0.15306413301662708,30000.0,28850.0,26,578,stayers
1300600,15.0,67950.0,777.0,59600.0,820.0,35000.0,0.1689496402877698,32550.0,30800.0,18,458,stayers
1300700,15.0,58000.0,680.0,50250.0,724.5,32000.0,0.16976897689768977,29050.0,28000.0,23,543,stayers
1300800,20.0,56200.0,650.0,53230.0,634.5,32950.0,0.16430769230769232,30000.0,28300.0,37,465,stayers
1300900,15.0,63000.0,738.0,55200.0,750.0,36000.0,0.17314285714285713,33000.0,30000.0,34,425,stayers
1301090,25.0,94150.0,1151.5,80500.0,1358.0,45000.0,0.1867924528301887,43000.0,40000.0,374,6662,stayers
1301100,20.0,54900.0,610.0,48000.0,606.5,32000.0,0.15236363636363637,30000.0,27700.0,22,533,stayers
1301200,20.0,53000.0,590.0,48000.0,478.0,30000.0,0.1426086956521739,29100.0,26000.0,32,554,stayers
1301300,15.0,50004.0,653.0,45000.0,487.0,32000.0,0.14723076923076922,30000.0,28000.0,33,603,stayers
1301400,15.0,63900.0,834.0,50000.0,860.0,33000.0,0.18500581663961713,30000.0,28000.0,28,589,stayers
1301500,15.0,78000.0,943.0,72700.0,871.0,39515.0,0.15038925459457403,35000.0,34550.0,24,476,stayers
1301600,20.0,65000.0,700.5,55000.0,650.0,34500.0,0.1518096646942801,32000.0,31000.0,46,604,stayers
1301700,15.0,66000.0,840.0,53000.0,830.0,30000.0,0.18779303675048356,28000.0,27250.0,59,653,stayers
1301800,20.0,55700.0,660.0,49900.0,597.5,30750.0,0.15759036144578314,30000.0,28000.0,53,675,stayers
1301900,20.0,60000.0,800.0,54400.0,758.0,35000.0,0.1702127659574468,34000.0,32000.0,23,514,stayers
1302100,30.0,90800.0,1100.0,83700.0,1187.0,43000.0,0.1592920353982301,40250.0,40000.0,17,563,stayers
1302200,20.0,60800.0,780.0,55000.0,755.0,32950.0,0.17476510067114095,30000.0,30000.0,23,425,stayers
1302300,20.0,73000.0,828.0,67800.0,820.0,38000.0,0.14527934556786704,36000.0,35000.0,20,366,stayers
1302400,25.0,106000.0,1293.0,101500.0,1421.0,55100.0,0.15778927324658837,50000.0,48700.0,17,454,stayers
1302500,20.0,61010.0,740.0,57000.0,753.0,35000.0,0.156,32000.0,31950.0,34,614,stayers
1302600,20.0,67000.0,690.0,62115.0,734.0,35000.0,0.14208588957055215,33800.0,32200.0,30,751,stayers
1302700,20.0,56400.0,720.0,53000.0,675.0,31200.0,0.1475,30000.0,30000.0,22,379,stayers
1302800,20.0,62200.0,703.0,57300.0,766.5,35000.0,0.1601731601731602,31200.0,29500.0,39,672,stayers
1302900,25.0,73600.0,880.5,66000.0,920.0,38000.0,0.16850393700787403,36000.0,35000.0,14,366,stayers
1303000,30.0,102000.0,1183.0,94300.0,1298.0,50000.0,0.1604033613445378,48000.0,45000.0,121,2876,stayers
1303100,30.0,87800.0,1260.0,82550.0,1238.0,48800.0,0.1742641577060932,46000.0,45000.0,27,787,stayers
1303200,20.0,64000.0,770.0,60000.0,694.5,35000.0,0.1568627450980392,32500.0,30000.0,18,467,stayers
1303300,30.0,123730.0,1366.0,120000.0,1704.0,60200.0,0.16351920981210133,60000.0,58000.0,33,1253,stayers
1303400,20.0,80000.0,910.0,77000.0,926.0,35000.0,0.14073529411764707,32000.0,30000.0,34,864,stayers
1303500,20.0,61000.0,671.0,56300.0,641.0,32900.0,0.14164948453608248,30000.0,30000.0,23,576,stayers
1303600,15.0,69300.0,848.0,52000.0,942.0,32000.0,0.20938775510204083,30000.0,28500.0,20,465,stayers
1303700,20.0,69000.0,793.0,61700.0,827.0,36000.0,0.16386206896551725,32000.0,30000.0,22,591,stayers
1303800,30.0,74200.0,896.0,70600.0,1007.0,37000.0,0.1591578947368421,35000.0,33800.0,29,792,stayers
1303900,30.0,71800.0,965.0,65900.0,973.0,39900.0,0.16592057761732854,35500.0,35000.0,13,517,stayers
1304000,15.0,61800.0,850.0,53500.0,768.5,29200.0,0.18018410373156488,26000.0,25100.0,57,669,stayers
1304007,30.0,83400.0,1231.0,80300.0,1290.0,40000.0,0.185010989010989,38000.0,36000.0,118,3076,stayers
1304100,20.0,94440.0,1017.0,86900.0,1180.0,49850.0,0.15393586005830906,46500.0,45550.0,12,438,stayers
1304200,20.0,54800.0,660.0,47100.0,550.0,30000.0,0.14805194805194805,27000.0,26000.0,29,628,stayers
1304300,25.0,72400.0,970.0,70700.0,898.0,37000.0,0.159,35000.0,34000.0,40,575,stayers
1304400,30.0,80000.0,1096.0,74400.0,1160.0,38400.0,0.16452442159383035,38000.0,36000.0,24,453,stayers
1304500,30.0,75700.0,1142.0,74000.0,1144.0,40000.0,0.17087999999999998,36500.0,35000.0,19,501,stayers
1305000,25.0,55000.0,1002.0,51350.0,861.0,30000.0,0.2031,29550.0,28800.0,46,832,stayers
1306000,30.0,83200.0,1107.0,78000.0,1238.0,44000.0,0.1744049079754601,40000.0,40000.0,38,644,stayers
1600190,15.0,64400.0,780.0,60800.0,968.0,36000.0,0.17279329608938548,35000.0,32000.0,37,1080,stayers
1600300,15.0,60000.0,700.0,51250.0,710.0,32000.0,0.17213114754098363,30000.0,26650.0,25,563,stayers
1600490,20.0,74000.0,875.0,65000.0,993.0,36000.0,0.16707182320441988,34000.0,31000.0,68,2046,stayers
1600900,15.0,65000.0,692.0,62700.0,838.0,34150.0,0.16123943661971832,32000.0,30000.0,13,399,stayers
1601000,15.0,60000.0,740.0,55200.0,681.0,31900.0,0.1488,30000.0,29000.0,16,469,stayers
1601190,15.0,66000.0,750.0,62850.0,779.0,33700.0,0.15440963855421685,30000.0,29750.0,37,1099,stayers
1601200,15.0,78000.0,758.0,67700.0,862.0,35000.0,0.1528235294117647,33000.0,31000.0,12,431,stayers
1700104,20.0,70800.0,684.0,62000.0,766.0,35000.0,0.15000000000000002,31000.0,28400.0,40,793,stayers
1700105,15.0,67000.0,692.0,60200.0,813.0,34800.0,0.15805483704086912,30000.0,29000.0,22,605,stayers
1700202,20.0,69800.0,658.5,60300.0,653.0,37000.0,0.13776900921658985,33000.0,31000.0,43,1084,stayers
1700300,15.0,69600.0,590.0,57870.0,688.0,35000.0,0.13976470588235293,33000.0,31000.0,19,630,stayers
1700401,20.0,67250.0,700.0,60000.0,746.0,35100.0,0.15005405405405403,32650.0,31200.0,30,864,stayers
1700501,20.0,68000.0,685.0,62000.0,716.0,35000.0,0.1474786845310597,32000.0,30000.0,29,944,stayers
1700600,20.0,66250.0,697.5,60000.0,638.0,35000.0,0.13905263157894737,30800.0,30000.0,24,474,stayers
1700700,15.0,58640.0,645.0,54400.0,574.5,33250.0,0.13048275862068964,30000.0,29600.0,25,623,stayers
1700800,15.0,60000.0,578.0,53000.0,551.0,34000.0,0.12861111111111112,31000.0,30000.0,41,673,stayers
1700900,20.0,67500.0,650.0,56700.0,650.0,35000.0,0.14354999999999998,32000.0,30800.0,41,846,stayers
1701001,20.0,75100.0,646.0,68200.0,683.0,37000.0,0.13707692307692307,32600.0,30300.0,49,1078,stayers
1701100,20.0,76150.0,880.0,67500.0,864.0,39950.0,0.16055172413793103,35000.0,35000.0,42,825,stayers
1701200,20.0,78800.0,791.0,69300.0,908.0,38150.0,0.15613871635610765,36000.0,35550.0,57,961,stayers
1701300,15.0,87000.0,889.0,77000.0,903.0,44000.0,0.15539140513043032,40000.0,38000.0,51,906,stayers
1701500,15.0,69000.0,717.0,64000.0,734.5,37000.0,0.14944417312575353,34000.0,31100.0,32,468,stayers
1701602,20.0,72000.0,720.5,65510.0,783.0,37100.0,0.14560669456066946,35000.0,33000.0,41,1006,stayers
1701701,15.0,77250.0,830.0,66300.0,945.5,38950.0,0.17372130444110706,35000.0,34000.0,30,762,stayers
1701900,18.0,73500.0,820.0,68650.0,848.0,38450.0,0.15306818181818183,35500.0,35000.0,27,587,stayers
1702000,15.0,91450.0,850.0,82000.0,1070.0,46800.0,0.16051150895140665,43000.0,40600.0,23,838,stayers
1702100,15.0,85650.0,912.5,72000.0,1048.0,41800.0,0.16695652173913045,40000.0,35000.0,37,802,stayers
1702200,15.0,68000.0,725.5,61200.0,723.0,35200.0,0.14700000000000002,32700.0,30000.0,56,1077,stayers
1702300,20.0,78000.0,807.0,70500.0,912.0,40000.0,0.15742574257425743,38000.0,36000.0,30,520,stayers
1702400,15.0,77460.0,833.0,71090.0,862.5,40000.0,0.14608695652173914,35000.0,32000.0,27,654,stayers
1702501,17.0,71000.0,660.0,64150.0,733.0,36000.0,0.14070721357850072,35000.0,32000.0,50,1170,stayers
1702601,20.0,86000.0,977.0,79600.0,1155.0,38000.0,0.18927835051546393,37500.0,34500.0,20,440,stayers
1702700,20.0,71000.0,750.0,66600.0,965.0,35000.0,0.1625625,32000.0,30000.0,29,593,stayers
1702890,17.5,75000.0,800.0,68350.0,1010.0,40000.0,0.16169381107491856,37900.0,37000.0,86,1236,stayers
1703000,22.5,92600.0,1149.0,90600.0,1478.0,40000.0,0.189,38000.0,36000.0,90,1795,stayers
1703100,30.0,103100.0,1160.0,99000.0,1530.0,48000.0,0.18252100840336136,45000.0,43000.0,123,2796,stayers
1703200,25.0,119000.0,1325.0,108200.0,1749.0,55000.0,0.18576271186440677,50000.0,50000.0,160,4223,stayers
1703300,25.0,116000.0,1300.0,108000.0,1692.0,50000.0,0.18465517241379312,45000.0,44000.0,143,2966,stayers
1703400,30.0,87800.0,1100.0,78800.0,1483.0,42000.0,0.20585365853658538,40000.0,39000.0,1169,17886,stayers
1703600,25.0,104000.0,1160.0,98900.0,1597.0,48200.0,0.18935140367860603,45700.0,45000.0,50,1269,stayers
1703700,30.0,99500.0,1070.0,92200.0,1422.5,47000.0,0.1817716988367634,45000.0,43500.0,25,561,stayers
1800100,20.0,75300.0,833.0,66320.0,898.0,38000.0,0.16555555555555557,35000.0,34000.0,99,1584,stayers
1800200,25.0,90000.0,909.5,83100.0,1117.0,45000.0,0.16936705577172503,42000.0,40000.0,29,690,stayers
1800300,19.0,66900.0,786.5,61200.0,781.0,35000.0,0.15771428571428572,33000.0,30700.0,22,445,stayers
1800400,17.0,74000.0,780.0,63000.0,774.0,37000.0,0.14466666666666667,35000.0,35000.0,40,1173,stayers
1800500,15.0,71520.0,800.0,68900.0,860.5,39000.0,0.14709677419354839,37000.0,35000.0,26,773,stayers
1800600,20.0,73675.0,720.0,67860.0,779.5,39000.0,0.14058034166872987,35000.0,35000.0,17,816,stayers
1800700,20.0,65300.0,750.0,60500.0,777.0,35000.0,0.15333333333333335,32000.0,31300.0,26,528,stayers
1800800,15.0,67900.0,742.5,62435.0,799.0,34100.0,0.14923857868020304,32350.0,31300.0,23,639,stayers
1800900,20.0,71500.0,700.0,66850.0,754.5,36800.0,0.1368888888888889,35000.0,35000.0,13,745,stayers
1801000,20.0,70500.0,770.0,62700.0,798.0,36000.0,0.15370315139380925,35000.0,34000.0,65,1474,stayers
1801100,20.0,66000.0,780.0,60400.0,750.0,38000.0,0.1390769230769231,35000.0,33000.0,20,763,stayers
1801200,15.0,85600.0,797.0,78000.0,868.0,36000.0,0.14780058651026395,32100.0,30000.0,20,684,stayers
1801300,15.0,68900.0,668.0,59300.0,704.0,35000.0,0.12919727891156463,33300.0,33000.0,24,563,stayers
1801400,15.0,63550.0,730.0,57000.0,660.0,32400.0,0.1394361540506297,30000.0,28800.0,30,669,stayers
1801500,20.0,61700.0,676.0,55800.0,608.0,33300.0,0.13540735755253291,31000.0,30000.0,24,649,stayers
1801600,20.0,63000.0,702.5,56000.0,615.0,35000.0,0.1402836879432624,33000.0,32000.0,25,586,stayers
1801700,15.0,61300.0,758.0,54900.0,700.0,30600.0,0.16060465116279068,27900.0,26000.0,10,386,stayers
1801800,25.0,115700.0,1040.5,104900.0,1318.0,56000.0,0.1527205882352941,54000.0,51000.0,34,1255,stayers
1801900,20.0,62500.0,785.0,58400.0,758.0,34300.0,0.1532585475296298,30000.0,30000.0,30,591,stayers
1802000,15.0,61000.0,687.0,50600.0,638.0,34250.0,0.13874999999999998,31000.0,30000.0,23,383,stayers
1802100,25.0,72800.0,825.0,70000.0,851.0,37000.0,0.1475844155844156,35000.0,33000.0,18,523,stayers
1802200,25.0,91800.0,1020.0,86150.0,1175.0,47000.0,0.15765909090909092,45000.0,44000.0,12,555,stayers
1802300,20.0,69000.0,892.0,61000.0,950.0,38000.0,0.1744,35000.0,35000.0,145,3101,stayers
1802400,25.0,94600.0,913.0,87500.0,1030.0,50000.0,0.13651063829787236,48000.0,48000.0,14,467,stayers
1802500,20.0,83150.0,800.0,77000.0,936.0,42600.0,0.14666666666666667,40000.0,40000.0,4,469,stayers
1802600,20.0,62500.0,721.5,56000.0,698.0,32000.0,0.15182926829268295,30000.0,30000.0,21,604,stayers
1802700,20.0,62100.0,594.0,55700.0,681.0,37000.0,0.14814814814814814,35000.0,35000.0,41,638,stayers
1802800,15.0,87000.0,883.0,70150.0,893.0,36150.0,0.15433333333333332,35000.0,34300.0,9,467,stayers
1802900,15.0,73000.0,843.0,63300.0,833.0,39200.0,0.1538,36000.0,35000.0,14,465,stayers
1803000,15.0,76000.0,800.0,65000.0,759.0,36500.0,0.152,34700.0,33000.0,15,430,stayers
1803100,25.0,70450.0,715.0,63500.0,832.0,37100.0,0.15940546632854324,34950.0,32200.0,17,529,stayers
1803200,20.0,80000.0,843.0,74030.0,867.0,42000.0,0.1371547619047619,40000.0,40000.0,16,619,stayers
1803300,15.0,68430.0,829.0,53250.0,771.0,35000.0,0.17286486486486485,32000.0,31400.0,25,607,stayers
1803400,20.0,62400.0,658.0,59000.0,626.0,36000.0,0.1383378016085791,35000.0,34200.0,21,697,stayers
1803500,20.0,72300.0,781.0,66100.0,866.0,40000.0,0.14846416382252559,38000.0,37100.0,27,623,stayers
1803600,20.0,66000.0,825.5,60350.0,872.0,36000.0,0.16886503067484662,35000.0,34000.0,20,426,stayers
1900100,15.0,75000.0,639.0,66850.0,684.5,36000.0,0.13972144846796658,35000.0,30000.0,18,743,stayers
1900200,15.0,71400.0,698.0,65300.0,660.0,38000.0,0.13636363636363635,36000.0,34100.0,12,645,stayers
1900400,15.0,75000.0,590.0,68600.0,717.0,39400.0,0.1436504854368932,35000.0,32000.0,24,759,stayers
1900500,15.0,72000.0,770.0,62700.0,917.0,36000.0,0.16600638977635784,35000.0,34050.0,11,439,stayers
1900600,15.0,70500.0,650.0,62100.0,627.0,37550.0,0.13333333333333333,35000.0,32000.0,21,773,stayers
1900700,15.0,80010.0,750.0,69350.0,867.0,40000.0,0.15524475524475523,37000.0,35000.0,16,771,stayers
1900800,20.0,67000.0,732.0,62200.0,823.5,40000.0,0.15905660377358488,37300.0,36000.0,16,531,stayers
1900900,15.0,83000.0,743.0,73000.0,1007.0,42000.0,0.15715010141987829,40000.0,39500.0,23,576,stayers
1901000,15.0,92250.0,764.0,79700.0,1110.0,45000.0,0.15798215933558904,41400.0,40000.0,18,678,stayers
1901100,15.0,105500.0,937.0,88000.0,1137.0,45000.0,0.1634714003944773,42000.0,40000.0,10,405,stayers
1901200,20.0,74000.0,683.0,68150.0,795.0,40000.0,0.15585714285714286,38000.0,35500.0,28,691,stayers
1901300,15.0,90170.0,915.0,78100.0,1026.0,40000.0,0.15724987172909183,40000.0,37500.0,13,456,stayers
1901490,20.0,83600.0,840.0,77300.0,1096.0,45000.0,0.16264462809917354,42000.0,41000.0,65,2157,stayers
1901800,15.0,64400.0,590.0,55800.0,616.0,37350.0,0.13638376383763837,34300.0,30000.0,18,646,stayers
1901900,15.0,70000.0,610.0,60300.0,549.0,37185.0,0.1259103486441616,35000.0,30000.0,15,847,stayers
1902000,15.0,84000.0,800.0,70000.0,746.0,40000.0,0.13400817096165935,38000.0,36000.0,8,507,stayers
1902100,15.0,74900.0,755.0,65000.0,735.0,40000.0,0.14454106280193235,39000.0,35000.0,29,966,stayers
1902200,15.0,68000.0,707.0,62200.0,665.0,36000.0,0.13816030534351145,34400.0,32000.0,24,577,stayers
1902300,15.0,71500.0,702.0,66000.0,774.5,38000.0,0.14530909090909092,35000.0,35000.0,13,496,stayers
2000100,10.0,68000.0,581.0,59800.0,609.5,36305.0,0.13349544072948327,35000.0,30000.0,10,674,stayers
2000200,15.0,63600.0,650.0,57650.0,650.0,34800.0,0.15000000000000002,32000.0,30000.0,29,856,stayers
2000300,12.0,70110.0,958.0,62000.0,928.0,30000.0,0.17960784313725492,28000.0,26000.0,14,416,stayers
2000400,20.0,81790.0,770.0,71600.0,884.0,40000.0,0.1601709647757043,38000.0,37000.0,14,482,stayers
2000500,20.0,62000.0,830.0,54700.0,865.0,32000.0,0.18345220588235295,30000.0,30000.0,31,542,stayers
2000600,20.0,114000.0,1091.0,102400.0,1467.0,54000.0,0.16158555729984303,50000.0,50000.0,51,2164,stayers
2000700,15.0,95250.0,853.0,76500.0,1227.5,40000.0,0.172143684820394,36000.0,35950.0,8,302,stayers
2000800,15.0,70600.0,708.0,64900.0,831.0,38000.0,0.1581686746987952,35000.0,33800.0,30,1017,stayers
2000990,15.0,65000.0,628.0,58750.0,635.0,35000.0,0.14093023255813952,32000.0,30000.0,38,1374,stayers
2001000,15.0,66900.0,630.0,60100.0,674.0,35300.0,0.14086153846153845,33000.0,31000.0,17,490,stayers
2001200,10.0,70100.0,720.0,63400.0,761.5,36000.0,0.15582938388625592,34000.0,30000.0,19,581,stayers
2001300,17.0,74000.0,845.0,67450.0,913.0,38950.0,0.16777947932618684,35450.0,35000.0,84,2030,stayers
2001400,20.0,65000.0,705.0,57200.0,754.0,36850.0,0.16892494929006086,35000.0,33000.0,22,448,stayers
2001500,15.0,61000.0,640.0,55000.0,618.0,35000.0,0.15128834355828222,31000.0,30000.0,15,550,stayers
2100100,15.0,58000.0,620.0,50000.0,606.0,32400.0,0.14595,30000.0,29500.0,33,660,stayers
2100200,20.0,57800.0,673.0,51000.0,560.0,31200.0,0.13015873015873017,30000.0,30000.0,25,408,stayers
2100300,15.0,64000.0,728.0,56200.0,591.0,32000.0,0.13362742980561554,30000.0,28000.0,13,371,stayers
2100400,20.0,55000.0,655.0,49100.0,583.0,32600.0,0.14427067669172933,30000.0,28050.0,25,647,stayers
2100500,15.0,72380.0,797.0,64450.0,960.0,37000.0,0.16421052631578947,35100.0,34500.0,7,392,stayers
2100600,15.0,48140.0,526.5,43600.0,438.0,28200.0,0.13249586776859504,25100.0,24000.0,16,381,stayers
2100700,15.0,50000.0,630.0,42200.0,483.0,27000.0,0.1434586387434555,25000.0,25000.0,23,258,stayers
2100800,20.0,46190.0,577.5,38600.0,611.0,31500.0,0.17162790697674418,28000.0,26000.0,18,263,stayers
2100900,15.0,40115.0,522.5,35000.0,325.0,25500.0,0.1477832512315271,22000.0,22000.0,21,264,stayers
2101000,20.0,38800.0,500.0,34950.0,369.5,26000.0,0.1380771869176547,25000.0,24000.0,31,276,stayers
2101100,20.0,44000.0,615.0,40000.0,462.0,32000.0,0.16199616122840693,30000.0,29500.0,28,336,stayers
2101290,20.0,70000.0,714.0,61600.0,697.0,38000.0,0.14763848396501456,35000.0,34600.0,50,929,stayers
2101400,20.0,56200.0,627.0,53140.0,603.0,32000.0,0.14160771704180064,29400.0,28000.0,13,468,stayers
2101500,15.0,73400.0,760.0,65000.0,840.0,39000.0,0.15586666666666665,35000.0,35000.0,11,432,stayers
2101690,25.0,89400.0,811.0,84000.0,1071.0,46900.0,0.14993548387096775,43000.0,42000.0,32,1080,stayers
2101700,20.0,91000.0,873.5,79000.0,1029.5,42000.0,0.15968181818181817,40000.0,38750.0,138,3474,stayers
2101900,20.0,88000.0,907.0,75000.0,1053.0,42550.0,0.15693476884103863,40000.0,38000.0,38,1182,stayers
2102000,20.0,71100.0,735.0,65160.0,923.0,40000.0,0.1665010073875084,35000.0,35000.0,16,454,stayers
2102100,20.0,66500.0,680.0,58100.0,784.0,35900.0,0.15537624787920862,32300.0,30000.0,12,431,stayers
2102200,15.0,60000.0,720.0,53000.0,616.0,33000.0,0.15498233215547705,30000.0,29000.0,21,374,stayers
2102300,20.0,71300.0,720.0,67400.0,922.0,36305.0,0.16,35000.0,34000.0,21,563,stayers
2102400,20.0,85000.0,800.0,73655.0,1072.0,40000.0,0.15974025974025974,38500.0,38000.0,31,648,stayers
2102500,20.0,97000.0,897.5,92000.0,1128.0,45000.0,0.15078947368421053,42000.0,40000.0,17,403,stayers
2102600,20.0,85000.0,744.0,73000.0,960.0,40000.0,0.14878172588832486,37000.0,35450.0,28,714,stayers
2102700,20.0,56000.0,603.5,48000.0,578.0,32700.0,0.14986842105263157,30000.0,28050.0,23,501,stayers
2102800,20.0,58000.0,683.0,50000.0,628.5,32000.0,0.16073170731707315,30000.0,30000.0,29,459,stayers
2200100,15.0,55180.0,750.0,49100.0,696.0,30000.0,0.16949068322981367,28900.0,27000.0,43,739,stayers
2200200,16.0,56700.0,893.0,51000.0,676.0,30000.0,0.1521081081081081,29600.0,28000.0,29,527,stayers
2200300,20.0,53000.0,678.0,46200.0,434.5,29000.0,0.14104712041884818,25500.0,24000.0,62,767,stayers
2200400,15.0,61800.0,745.0,52350.0,661.0,30000.0,0.16460526315789475,30000.0,30000.0,29,499,stayers
2200500,20.0,54000.0,570.0,44000.0,431.0,30000.0,0.12547603121516165,30000.0,27000.0,33,596,stayers
2200600,20.0,54500.0,652.0,47900.0,464.0,30000.0,0.12846481876332622,28000.0,25000.0,21,454,stayers
2200700,15.0,61600.0,830.0,53700.0,576.5,35000.0,0.14187096774193547,32000.0,30000.0,50,775,stayers
2200890,15.0,71110.0,720.0,61470.0,581.0,40000.0,0.12395005675368898,36000.0,35000.0,57,1072,stayers
2201000,20.0,48300.0,644.5,42000.0,438.0,30000.0,0.14497731958762886,28500.0,26000.0,21,379,stayers
2201100,20.0,60000.0,595.0,53800.0,447.0,34000.0,0.11883030303030304,32000.0,30000.0,25,356,stayers
2201200,20.0,75000.0,830.0,67700.0,933.0,37100.0,0.1619631901840491,35000.0,33500.0,29,709,stayers
2201300,17.0,52600.0,742.0,48000.0,536.0,34000.0,0.15530967741935484,31700.0,30000.0,36,529,stayers
2201400,20.0,68000.0,740.0,64500.0,533.0,39800.0,0.12490909090909091,36000.0,34350.0,23,415,stayers
2201500,20.0,85600.0,924.0,70400.0,922.0,41800.0,0.15736757624398073,40000.0,37800.0,64,1294,stayers
2201600,25.0,90100.0,960.0,83000.0,920.0,50000.0,0.13757575757575757,48000.0,45000.0,13,308,stayers
2201700,30.0,73500.0,891.0,67800.0,700.0,40000.0,0.13748231966053748,40000.0,40000.0,21,381,stayers
2201800,20.0,57000.0,770.0,50000.0,580.5,34400.0,0.14009940150923755,30000.0,30000.0,33,439,stayers
2201900,30.0,78000.0,964.0,69600.0,848.0,43000.0,0.145625,40000.0,39000.0,20,448,stayers
2202000,20.0,74000.0,727.0,66000.0,496.0,40600.0,0.1290909090909091,40000.0,37550.0,23,437,stayers
2202100,15.0,60000.0,814.0,55000.0,519.0,41800.0,0.14404339963833634,40000.0,40000.0,24,254,stayers
2202200,20.0,86000.0,1010.0,76710.0,1140.0,43100.0,0.16319999999999998,40000.0,39500.0,36,832,stayers
2202390,20.0,72000.0,963.5,64750.0,878.0,40000.0,0.1673960612691466,36000.0,34000.0,95,2071,stayers
2202400,20.0,68000.0,990.0,52500.0,1089.0,37000.0,0.22574257425742572,35000.0,31000.0,113,1978,stayers
2300100,15.0,56100.0,540.0,50000.0,632.0,33000.0,0.15228426395939088,30800.0,30000.0,25,573,stayers
2300200,20.0,60900.0,718.5,54000.0,710.0,32665.0,0.165,28050.0,26000.0,31,647,stayers
2300300,20.0,65020.0,810.0,60000.0,833.0,34050.0,0.16282201405152225,30000.0,30000.0,29,673,stayers
2300400,20.0,74600.0,780.0,66220.0,910.0,39000.0,0.1641101694915254,36000.0,33000.0,16,377,stayers
2300500,20.0,70000.0,780.0,65400.0,920.0,38000.0,0.16852173913043478,35000.0,30000.0,30,877,stayers
2300600,20.0,74800.0,740.0,62400.0,1065.0,35000.0,0.188025,33000.0,32000.0,16,327,stayers
2300790,20.0,90000.0,1010.0,81500.0,1272.0,43800.0,0.18066298342541437,40000.0,38000.0,58,1626,stayers
2400100,15.0,57900.0,710.0,52800.0,682.0,30120.0,0.16236391912908243,30000.0,30000.0,23,466,stayers
2400200,20.0,82200.0,903.0,76000.0,1128.0,43000.0,0.17096507442358205,40000.0,40000.0,27,587,stayers
2400300,30.0,120000.0,1380.0,112400.0,1752.0,55400.0,0.17544626684613723,53000.0,51000.0,50,1381,stayers
2400400,30.0,111700.0,1267.0,106800.0,1683.0,55000.0,0.17954984792861123,50000.0,50000.0,22,931,stayers
2400500,25.0,100000.0,1296.0,90800.0,1376.5,50000.0,0.18184049079754602,46000.0,45000.0,166,3656,stayers
2400600,30.0,110500.0,1275.0,100000.0,1546.0,55000.0,0.17266666666666666,50000.0,50000.0,43,1116,stayers
2400700,25.0,99100.0,1086.0,89000.0,1467.0,50000.0,0.18499115044247788,50000.0,48000.0,29,416,stayers
2400800,25.0,75500.0,1098.0,64000.0,1144.0,42400.0,0.20676646706586826,40000.0,39500.0,143,2215,stayers
2400900,30.0,154000.0,1650.0,145000.0,2097.0,72000.0,0.1810843373493976,70000.0,68000.0,37,1354,stayers
2401000,30.0,150000.0,1715.0,135500.0,2088.0,67025.0,0.18163636363636365,61000.0,60000.0,163,4855,stayers
2401100,30.0,103090.0,1494.0,99920.0,1762.0,45000.0,0.2,43000.0,40700.0,226,4086,stayers
2401200,25.0,126000.0,1700.0,117865.0,1795.0,60000.0,0.18186486486486486,55000.0,52000.0,74,2107,stayers
2401300,25.0,89260.0,1060.0,79000.0,1231.0,43000.0,0.185319587628866,39000.0,35000.0,32,937,stayers
2401400,20.0,79200.0,963.5,70000.0,1050.0,37100.0,0.18489425981873112,35000.0,32000.0,48,645,stayers
2401500,30.0,112250.0,1370.0,107000.0,1650.0,56500.0,0.17708333333333331,54000.0,50000.0,20,708,stayers
2401600,45.0,128200.0,1711.5,120100.0,1870.0,60000.0,0.18105017502917153,58000.0,56000.0,22,609,stayers
2500100,15.0,89900.0,821.0,79000.0,1123.0,41300.0,0.17295081967213116,36350.0,33000.0,26,802,stayers
2500290,20.0,84200.0,940.0,73400.0,1238.0,42050.0,0.18595310233682516,40000.0,37000.0,129,3187,stayers
2500390,25.0,118000.0,1268.0,106800.0,1865.0,55000.0,0.194,50000.0,50000.0,854,22306,stayers
2503300,30.0,96000.0,1570.0,88000.0,1910.0,45000.0,0.22507462686567165,44000.0,42000.0,198,3264,stayers
2504790,15.0,99600.0,1350.0,87300.0,1570.0,48000.0,0.1969807868252516,40000.0,36000.0,43,1122,stayers
2600100,15.0,60010.0,600.0,54000.0,637.5,30500.0,0.15201574803149606,30000.0,28000.0,41,832,stayers
2600200,15.0,56700.0,587.5,55000.0,654.0,34000.0,0.1473684210526316,30700.0,30000.0,46,749,stayers
2600300,18.0,58600.0,700.0,53000.0,644.0,32300.0,0.14382022471910114,30000.0,28200.0,43,859,stayers
2600400,20.0,61000.0,726.5,57000.0,768.0,32000.0,0.16106194690265485,30000.0,28000.0,58,1077,stayers
2600500,20.0,68350.0,836.5,61450.0,835.0,35000.0,0.16844036697247705,30500.0,30000.0,24,731,stayers
2600600,20.0,58500.0,700.0,54600.0,647.0,34000.0,0.15251472587222475,30000.0,30000.0,37,784,stayers
2600700,17.0,63100.0,720.0,59900.0,720.0,36000.0,0.15283333333333332,35000.0,33000.0,36,584,stayers
2600800,18.0,89000.0,903.0,81800.0,1059.0,40000.0,0.1548,38400.0,36000.0,23,952,stayers
2600900,20.0,82000.0,815.0,75000.0,950.0,42000.0,0.1561005586592179,40000.0,40000.0,21,530,stayers
2601000,15.0,80000.0,930.0,73200.0,963.0,39200.0,0.1608,35800.0,35000.0,60,1935,stayers
2601100,20.0,60000.0,750.0,56000.0,729.0,33000.0,0.15321428571428572,30500.0,30000.0,41,1088,stayers
2601200,20.0,60350.0,700.0,54100.0,733.0,34200.0,0.15738413054135442,32000.0,30000.0,47,750,stayers
2601300,20.0,53600.0,637.5,47600.0,622.0,30000.0,0.16077028885832187,27000.0,25000.0,54,698,stayers
2601400,20.0,72300.0,733.0,66000.0,820.0,37470.0,0.15302158273381294,35000.0,34000.0,29,719,stayers
2601500,20.0,65600.0,817.0,58800.0,734.0,34000.0,0.1595294117647059,30000.0,30000.0,41,723,stayers
2601600,20.0,57000.0,690.0,53600.0,641.0,32000.0,0.14820380264413247,30000.0,27000.0,49,1022,stayers
2601700,20.0,68000.0,793.0,62500.0,867.0,35000.0,0.15969581749049427,32200.0,30000.0,106,1926,stayers
2601800,15.0,83450.0,860.0,74000.0,1023.0,39200.0,0.1716,35000.0,34000.0,47,950,stayers
2601900,20.0,82500.0,840.0,75800.0,954.0,43300.0,0.15638141809290954,40000.0,39800.0,22,876,stayers
2602000,20.0,68000.0,702.5,61750.0,780.0,36400.0,0.1525,34000.0,32000.0,40,791,stayers
2602100,20.0,83700.0,810.0,71900.0,943.0,41000.0,0.1529276693455798,38000.0,36000.0,27,830,stayers
2602200,15.0,60520.0,760.0,55000.0,766.5,35000.0,0.1638512035010941,32000.0,30000.0,20,611,stayers
2602300,25.0,65300.0,687.0,59800.0,853.0,36300.0,0.1628215767634855,34650.0,32000.0,27,573,stayers
2602400,15.0,69200.0,775.0,60000.0,829.5,36200.0,0.1589189189189189,34950.0,33000.0,27,681,stayers
2602500,24.0,68620.0,775.0,62365.0,802.0,36000.0,0.15573734247181073,33000.0,30000.0,39,872,stayers
2602600,20.0,70000.0,806.0,64540.0,837.0,35000.0,0.1538074074074074,32000.0,30000.0,21,542,stayers
2602700,20.0,100800.0,1110.0,86700.0,1412.0,50000.0,0.17855750487329436,45000.0,43600.0,43,1270,stayers
2602800,30.0,106900.0,1085.0,100000.0,1280.0,52000.0,0.15586206896551724,50000.0,50000.0,17,838,stayers
2602900,25.0,106500.0,1100.0,98000.0,1364.0,53000.0,0.16058823529411764,50000.0,49200.0,171,4728,stayers
2603000,25.0,77000.0,960.0,71700.0,994.5,40000.0,0.16536986301369863,39000.0,38000.0,123,2704,stayers
2603100,20.0,70985.0,796.5,66915.0,901.0,36000.0,0.16064779724357608,34000.0,32000.0,37,667,stayers
2603200,20.0,70000.0,864.0,59600.0,858.0,35010.0,0.17782677165354333,33300.0,32000.0,375,4912,stayers
2603300,20.0,82600.0,800.0,74200.0,1005.0,40000.0,0.15496062992125986,37950.0,36000.0,23,533,stayers
2700100,15.0,80000.0,682.0,72000.0,886.5,40000.0,0.14914285714285713,38000.0,35000.0,23,858,stayers
2700200,15.0,70000.0,700.0,62000.0,826.0,39000.0,0.15624633431085044,36000.0,33000.0,27,772,stayers
2700390,20.0,70000.0,700.0,62130.0,816.5,38200.0,0.16115702479338845,35000.0,33000.0,99,1882,stayers
2700600,25.0,77100.0,860.0,71700.0,1110.0,40000.0,0.17406060606060605,38000.0,36000.0,41,969,stayers
2700700,20.0,70000.0,785.0,65625.0,869.5,37650.0,0.16457142857142856,35000.0,32000.0,25,1007,stayers
2700800,15.0,77600.0,690.0,71700.0,879.0,40000.0,0.15333838001514005,37000.0,34000.0,27,1141,stayers
2700900,15.0,86000.0,796.5,82000.0,1018.0,40000.0,0.1554098360655738,38000.0,35000.0,14,885,stayers
2701000,25.0,90000.0,930.0,85500.0,1236.0,45000.0,0.16392667060910704,42000.0,40000.0,6,495,stayers
2701100,25.0,95000.0,1080.0,88250.0,1340.0,44400.0,0.17710843373493976,42000.0,41000.0,34,1117,stayers
2701200,25.0,115300.0,1350.0,107600.0,1493.0,57000.0,0.16486153846153845,52000.0,50000.0,20,781,stayers
2701300,20.0,91700.0,990.0,79000.0,1225.0,40000.0,0.1753846153846154,38000.0,35000.0,47,1499,stayers
2701400,20.0,105000.0,1140.0,93200.0,1451.0,50000.0,0.17232043204320432,49000.0,46600.0,124,3541,stayers
2701500,20.0,106100.0,1180.0,100000.0,1377.0,51000.0,0.1612707182320442,50000.0,48000.0,37,1365,stayers
2701690,25.0,120700.0,1130.0,115000.0,1569.5,54000.0,0.16481139541018203,50000.0,50000.0,17,906,stayers
2701800,25.0,104300.0,1000.0,98000.0,1450.0,49000.0,0.17150105708245245,47000.0,45000.0,14,543,stayers
2701900,15.0,82000.0,717.5,75000.0,924.0,40000.0,0.14928327645051193,38000.0,35000.0,22,1122,stayers
2702000,15.0,72000.0,595.0,66500.0,703.0,40000.0,0.14068571428571428,36900.0,33000.0,10,837,stayers
2702100,15.0,70100.0,680.0,65000.0,715.5,38000.0,0.13899497487437185,35000.0,30000.0,21,949,stayers
2702200,15.0,88000.0,900.0,79000.0,1044.0,40000.0,0.15237536656891496,36000.0,34000.0,15,651,stayers
2702300,20.0,89700.0,900.0,84500.0,1233.0,40900.0,0.17010840289371174,40000.0,36000.0,20,871,stayers
2702400,15.0,82450.0,718.0,75000.0,918.0,40000.0,0.1437037037037037,38000.0,35000.0,20,805,stayers
2702500,15.0,99800.0,1070.0,95000.0,1242.0,50555.0,0.15166265060240963,50000.0,45000.0,10,600,stayers
2702600,20.0,79990.0,700.0,70300.0,880.5,39050.0,0.15775,35900.0,34000.0,15,706,stayers
2800100,25.0,78500.0,970.0,77000.0,1007.0,40000.0,0.1599557522123894,38000.0,37000.0,27,691,stayers
2800200,20.0,51200.0,543.5,45300.0,482.0,29050.0,0.14215252348352175,28000.0,28000.0,37,495,stayers
2800300,20.0,51100.0,667.0,47700.0,497.5,30000.0,0.156,27000.0,25000.0,24,424,stayers
2800400,20.0,63100.0,695.0,56000.0,554.0,32000.0,0.1398,30000.0,30000.0,9,606,stayers
2800500,20.0,62800.0,710.0,60000.0,556.0,34000.0,0.13258064516129034,31000.0,30000.0,22,666,stayers
2800600,15.0,62800.0,706.0,53450.0,599.0,32500.0,0.15251612903225806,30000.0,30000.0,45,648,stayers
2800700,20.0,45400.0,519.0,39000.0,466.0,30000.0,0.15839999999999999,28000.0,26000.0,29,396,stayers
2800800,15.0,46900.0,600.0,39900.0,508.5,25980.0,0.16593750000000002,24350.0,22000.0,55,513,stayers
2800990,20.0,68000.0,830.0,59800.0,746.5,35000.0,0.1522169639606844,32500.0,30000.0,96,1639,stayers
2801300,21.0,77400.0,970.0,74000.0,833.0,43500.0,0.14217562254259503,40000.0,38000.0,16,619,stayers
2801400,23.0,52000.0,612.0,45600.0,471.0,30000.0,0.13644128113879003,29100.0,27600.0,22,414,stayers
2801500,20.0,59000.0,603.0,50000.0,508.0,35300.0,0.14566037735849058,34250.0,32550.0,17,367,stayers
2801600,15.0,50000.0,600.0,41700.0,443.0,30700.0,0.1538784980011422,29000.0,28000.0,26,568,stayers
2801700,20.0,53000.0,700.0,46400.0,453.0,33000.0,0.14030635979436717,30000.0,29500.0,18,359,stayers
2801800,20.0,62560.0,784.0,52950.0,543.5,35000.0,0.15530097087378641,32000.0,30000.0,25,485,stayers
2801900,25.0,64000.0,820.0,59000.0,688.0,35000.0,0.15527638190954773,30000.0,29100.0,29,348,stayers
2802000,20.0,68040.0,860.0,59700.0,744.0,34000.0,0.16603636363636365,30000.0,29000.0,54,607,stayers
2802100,20.0,77410.0,870.0,66050.0,711.0,40600.0,0.13841432225063938,38400.0,36000.0,22,450,stayers
2900100,15.0,58100.0,575.0,54000.0,526.0,32000.0,0.1296,30000.0,28000.0,27,933,stayers
2900200,15.0,68600.0,763.0,61000.0,742.0,36000.0,0.14086206896551723,34000.0,33000.0,23,557,stayers
2900300,15.0,56100.0,621.0,47000.0,577.0,30000.0,0.15460227272727273,28000.0,26000.0,16,715,stayers
2900400,25.0,69600.0,650.5,63900.0,781.0,37000.0,0.14764044943820226,35000.0,34250.0,19,623,stayers
2900500,20.0,75100.0,650.0,69000.0,744.0,40000.0,0.13855514931793045,37000.0,35000.0,11,651,stayers
2900600,15.0,82000.0,797.0,71000.0,982.5,37000.0,0.15710106382978722,33700.0,32000.0,21,520,stayers
2900700,15.0,58400.0,606.0,55575.0,667.0,32000.0,0.14685714285714285,30000.0,28000.0,17,817,stayers
2900800,21.0,65800.0,720.0,60550.0,810.0,35000.0,0.15485321673953778,31450.0,30000.0,26,702,stayers
2900900,20.0,94400.0,1002.0,85000.0,1188.0,48000.0,0.15869786368260427,45000.0,43700.0,37,1338,stayers
2901000,20.0,78000.0,908.0,68100.0,997.0,40000.0,0.16954990215264187,38000.0,36000.0,98,2561,stayers
2901100,30.0,77000.0,960.0,73100.0,981.0,40000.0,0.15832699619771862,40000.0,36000.0,22,551,stayers
2901200,19.5,55000.0,605.0,48400.0,595.0,31000.0,0.16012258064516127,28250.0,25000.0,36,550,stayers
2901300,20.0,59050.0,635.0,51800.0,583.0,30450.0,0.1433628318584071,28000.0,26000.0,14,392,stayers
2901400,20.0,61000.0,745.0,58000.0,778.0,32000.0,0.16887983706720977,30000.0,26400.0,16,419,stayers
2901500,15.0,58700.0,618.0,50800.0,620.0,30000.0,0.15047619047619049,27000.0,25300.0,16,403,stayers
2901600,20.0,72300.0,783.0,64580.0,959.0,35500.0,0.15168,34000.0,34000.0,13,362,stayers
2901700,22.0,100000.0,1044.0,91100.0,1328.0,47900.0,0.15878316559926806,44200.0,42000.0,48,1675,stayers
2901800,20.0,97055.0,990.0,83300.0,1183.5,47000.0,0.16425806451612904,43000.0,41000.0,135,3601,stayers
2901900,20.0,72250.0,810.0,58000.0,912.0,39200.0,0.1770810810810811,36000.0,35000.0,73,1047,stayers
2902000,30.0,78600.0,860.0,74400.0,1000.0,40000.0,0.15428571428571428,40000.0,39900.0,35,824,stayers
2902100,20.0,67000.0,660.0,58000.0,627.0,36000.0,0.15062781593134994,35000.0,33000.0,13,380,stayers
2902200,15.0,66800.0,698.5,59800.0,672.0,31300.0,0.14616171954964174,30000.0,29100.0,21,520,stayers
2902300,15.0,51350.0,626.0,46100.0,530.0,31000.0,0.1501016949152542,28000.0,25250.0,25,517,stayers
2902400,20.0,49000.0,574.0,43000.0,515.0,28000.0,0.1663400576368876,25600.0,23400.0,19,324,stayers
2902500,18.5,47000.0,548.0,41600.0,489.0,28000.0,0.15402548725637183,25000.0,23100.0,15,478,stayers
2902600,20.0,62900.0,742.5,57400.0,833.0,35550.0,0.16647811764705883,33000.0,32000.0,39,1379,stayers
2902700,20.0,54300.0,750.0,50000.0,662.0,29000.0,0.1721163490471414,25000.0,25000.0,27,516,stayers
2902800,15.0,61300.0,718.0,56000.0,737.0,32250.0,0.15415384615384614,30000.0,30000.0,33,759,stayers
3000100,15.0,68800.0,673.0,61900.0,763.0,35900.0,0.16371134020618558,33600.0,30000.0,11,408,stayers
3000200,15.0,64600.0,754.0,55500.0,922.5,30800.0,0.18061855670103094,28000.0,25700.0,25,583,stayers
3000300,15.0,74700.0,737.5,65400.0,769.5,40000.0,0.1583617747440273,36000.0,32500.0,12,574,stayers
3000400,10.0,61300.0,650.0,55050.0,659.5,34600.0,0.16496326530612243,30000.0,25000.0,24,675,stayers
3000500,15.0,81900.0,850.0,74000.0,1050.5,40000.0,0.1737818181818182,35000.0,31000.0,13,641,stayers
3000690,13.0,70350.0,780.0,64500.0,641.0,36000.0,0.1449429657794677,34000.0,30000.0,52,1154,stayers
3100100,10.0,66500.0,760.0,59000.0,670.5,34300.0,0.14672392638036807,30000.0,28000.0,13,558,stayers
3100200,10.0,72225.0,679.0,67050.0,701.0,36750.0,0.13636363636363635,35000.0,32000.0,34,1138,stayers
3100300,15.0,71000.0,605.0,66100.0,724.0,37000.0,0.14716049382716048,35000.0,32000.0,12,596,stayers
3100400,10.0,68600.0,660.0,62000.0,677.0,36000.0,0.14305643627140138,31550.0,30000.0,13,547,stayers
3100500,13.0,75000.0,708.0,66350.0,740.0,38000.0,0.14816000000000001,35000.0,32000.0,12,633,stayers
3100600,15.0,70000.0,653.0,63000.0,675.5,38650.0,0.13575757575757574,36000.0,33000.0,17,895,stayers
3100701,20.0,77000.0,760.0,69785.0,948.0,40000.0,0.15687378640776697,37750.0,36000.0,8,592,stayers
3100702,20.0,99000.0,1030.0,92500.0,1406.0,48000.0,0.17475964793500337,45000.0,44500.0,10,604,stayers
3100800,15.0,89565.0,863.5,74000.0,1155.0,40000.0,0.17534448160535115,39300.0,37000.0,17,965,stayers
3100900,15.0,88500.0,980.0,78400.0,1246.5,42000.0,0.17395973154362415,40000.0,39000.0,57,1880,stayers
3200100,20.0,82200.0,1036.5,77200.0,1252.0,40000.0,0.18553904494382023,38000.0,35000.0,83,1802,stayers
3200200,20.0,72650.0,1105.0,68000.0,970.0,39100.0,0.1807972811342221,35000.0,34350.0,41,615,stayers
3200300,12.0,69200.0,792.0,62400.0,536.0,40000.0,0.13674418604651162,35500.0,35000.0,29,617,stayers
3200400,20.0,74700.0,1144.0,69400.0,1163.0,36000.0,0.1934375,35000.0,33100.0,408,7729,stayers
3300100,15.0,83890.0,850.0,72150.0,1087.0,39260.0,0.18069053708439897,35000.0,30750.0,34,708,stayers
3300290,20.0,101000.0,1130.0,93400.0,1566.0,48000.0,0.19286486486486487,45000.0,41300.0,150,4749,stayers
3300500,20.0,81655.0,1100.0,74680.0,1230.0,41000.0,0.2,36350.0,35000.0,17,659,stayers
3400190,20.0,91000.0,1070.0,80000.0,1510.0,40000.0,0.21755274261603375,35000.0,32000.0,114,1532,stayers
3400300,25.0,127600.0,1500.0,117000.0,2274.0,59945.0,0.2170632911392405,54000.0,50000.0,166,3972,stayers
3400400,22.0,85000.0,1280.0,81000.0,2057.0,40000.0,0.26194668319900805,36400.0,35000.0,91,1820,stayers
3400600,30.0,83800.0,1370.0,82800.0,2108.0,45700.0,0.23614035087719298,45000.0,43000.0,134,2747,stayers
3400800,30.0,143200.0,1400.0,132000.0,2110.0,65000.0,0.19307586206896551,60000.0,56000.0,28,778,stayers
3400900,30.0,113000.0,1440.0,104700.0,1885.0,50000.0,0.20935914268602562,49000.0,48000.0,172,3670,stayers
3401000,25.0,144000.0,1500.0,132600.0,2283.0,65000.0,0.19741463414634147,60000.0,60000.0,62,1497,stayers
3401100,25.0,131100.0,1371.5,122000.0,2062.5,59000.0,0.20413793103448277,52000.0,50000.0,136,3087,stayers
3401200,20.0,98000.0,1490.0,89200.0,1568.0,48000.0,0.21037037037037037,42000.0,40000.0,122,2309,stayers
3401300,30.0,101800.0,1190.0,92600.0,2221.0,45800.0,0.22868478260869565,43200.0,40000.0,222,3086,stayers
3401500,25.0,140800.0,1500.0,133000.0,2234.0,64000.0,0.19324955116696588,60000.0,58000.0,95,2390,stayers
3401600,30.0,107640.0,1341.0,100290.0,1768.0,50000.0,0.2010782608695652,48000.0,45000.0,44,794,stayers
3401700,30.0,101000.0,1100.0,97000.0,1725.0,50000.0,0.19764847295474058,48000.0,45000.0,30,629,stayers
3401800,25.0,110000.0,1290.0,100200.0,2162.0,46000.0,0.22641509433962265,42000.0,40000.0,122,2189,stayers
3402000,25.0,110000.0,1420.0,100700.0,1736.0,50100.0,0.19630314232902035,48000.0,46800.0,101,2340,stayers
3402100,25.0,98500.0,1090.0,88000.0,1643.0,46000.0,0.20576043068640648,42000.0,40000.0,113,2177,stayers
3402200,25.0,106000.0,1175.0,99800.0,1660.5,50000.0,0.20176140912730184,48000.0,46000.0,76,1379,stayers
3402300,20.0,115000.0,1300.0,101500.0,1741.5,50000.0,0.20119370591427022,45000.0,43000.0,69,1316,stayers
3402490,20.0,83700.0,1060.0,76200.0,1170.0,40000.0,0.19364782608695652,36000.0,35000.0,65,950,stayers
3500190,20.0,43700.0,643.0,41000.0,286.0,25000.0,0.10314606741573035,23000.0,22900.0,147,1012,stayers
3500300,15.0,58000.0,657.0,42000.0,504.0,35050.0,0.1666522678185745,32000.0,31100.0,24,420,stayers
3500400,10.0,61000.0,807.5,52240.0,574.0,31450.0,0.16152,27450.0,25000.0,26,344,stayers
3500500,20.0,69000.0,1011.0,62000.0,919.5,37350.0,0.17106430102405334,33100.0,31100.0,28,752,stayers
3500600,25.0,61800.0,975.0,56250.0,682.0,32000.0,0.1588732394366197,30000.0,29900.0,45,569,stayers
3500790,20.0,75200.0,945.0,65000.0,970.0,40000.0,0.17419354838709677,36000.0,34500.0,97,2216,stayers
3500900,10.0,47750.0,676.5,41000.0,438.5,30000.0,0.13900990099009902,25000.0,23000.0,11,262,stayers
3501000,15.0,56300.0,680.0,51700.0,616.0,28000.0,0.171,25700.0,25000.0,29,477,stayers
3501100,15.0,53050.0,757.0,49200.0,497.0,29400.0,0.14494878361075544,27000.0,25000.0,23,368,stayers
3501200,15.0,67555.0,937.0,64575.0,519.0,40000.0,0.12331288343558282,38000.0,35000.0,16,371,stayers
3600100,20.0,66600.0,720.0,60000.0,746.0,35000.0,0.14651162790697675,32000.0,32000.0,36,619,stayers
3600200,15.0,70800.0,780.0,63000.0,769.0,40000.0,0.1510691823899371,35000.0,33000.0,49,931,stayers
3600300,20.0,73000.0,855.0,70000.0,1008.0,40000.0,0.18325925925925926,37500.0,35000.0,23,699,stayers
3600400,20.0,72000.0,767.0,65400.0,875.0,36050.0,0.15863101604278074,34000.0,32000.0,87,2235,stayers
3600500,15.0,65900.0,990.0,61500.0,795.0,36100.0,0.16583090379008747,33000.0,31500.0,33,848,stayers
3600600,20.0,74500.0,700.0,67210.0,923.0,36550.0,0.15302343968622714,33900.0,32000.0,33,651,stayers
3600700,17.0,80000.0,820.0,70800.0,982.0,41000.0,0.1638856308807048,39000.0,38000.0,124,2798,stayers
3600800,20.0,70350.0,760.0,65700.0,936.5,35250.0,0.17261538461538461,32500.0,30000.0,34,778,stayers
3600900,20.0,82800.0,920.0,72500.0,1068.0,40030.0,0.17739130434782607,38700.0,37000.0,132,3046,stayers
3601000,20.0,71830.0,765.0,67200.0,888.0,35000.0,0.15915052148791353,33000.0,31000.0,24,636,stayers
3601100,20.0,72200.0,666.5,65650.0,872.0,38000.0,0.1611764705882353,35000.0,34200.0,48,904,stayers
3601200,20.0,83000.0,790.0,71800.0,949.0,40000.0,0.16095522388059702,37000.0,35800.0,133,3687,stayers
3601300,20.0,74900.0,750.0,71365.0,895.0,40000.0,0.1550830564784053,36500.0,35000.0,28,758,stayers
3601400,20.0,78810.0,827.5,74000.0,978.0,40000.0,0.16245700245700245,36000.0,35000.0,23,826,stayers
3601500,20.0,76300.0,768.5,67700.0,930.0,38700.0,0.15763157894736843,35250.0,33750.0,24,804,stayers
3601600,20.0,68400.0,710.0,62900.0,808.0,36000.0,0.15995824634655534,32100.0,32000.0,28,603,stayers
3601700,20.0,97000.0,950.0,80900.0,1137.0,46000.0,0.1696449275362319,42500.0,42000.0,33,603,stayers
3601800,20.0,102000.0,1000.0,94830.0,1318.5,50000.0,0.16660808435852373,45000.0,45000.0,41,1077,stayers
3601900,20.0,95000.0,950.0,81200.0,1201.5,48000.0,0.1718427037845706,44000.0,42000.0,28,705,stayers
3602000,20.0,108000.0,1040.0,92500.0,1343.0,49900.0,0.1648164600081755,45000.0,43000.0,52,1247,stayers
3602100,20.0,78000.0,905.0,73850.0,1214.0,40000.0,0.18210526315789471,37000.0,35000.0,24,569,stayers
3602200,17.0,73000.0,740.0,65750.0,817.0,38000.0,0.15793548387096773,34700.0,33100.0,74,1857,stayers
3602300,15.0,86500.0,1040.0,78700.0,1170.0,39440.0,0.17810315308184527,34000.0,32000.0,11,416,stayers
3602400,20.0,65960.0,760.0,59000.0,738.0,37700.0,0.15241446563512054,34300.0,32800.0,63,1260,stayers
3602500,18.0,63600.0,632.5,58000.0,688.0,35000.0,0.14932935916542472,31200.0,30000.0,49,1202,stayers
3602600,15.0,62200.0,674.5,56800.0,688.0,35450.0,0.14994163424124515,31000.0,29200.0,34,784,stayers
3602700,20.0,88000.0,1080.0,82300.0,1366.0,42000.0,0.1869030196846336,40000.0,37000.0,57,1077,stayers
3602800,24.5,105150.0,1250.0,95600.0,1747.5,50000.0,0.2059171597633136,47300.0,45000.0,44,1323,stayers
3602900,25.0,100000.0,1340.0,94000.0,1833.0,45000.0,0.22540540540540538,40000.0,40000.0,71,1500,stayers
3603000,25.0,125000.0,1550.0,120200.0,2430.0,50900.0,0.23646215139442234,47250.0,45000.0,62,1330,stayers
3603100,30.0,142900.0,1550.0,127000.0,2517.0,63000.0,0.21176470588235294,58000.0,54000.0,173,4267,stayers
3603200,30.0,146470.0,1770.0,139300.0,2508.0,60000.0,0.2135294117647059,55000.0,52000.0,203,6320,stayers
3603300,25.0,127000.0,1829.0,120000.0,2243.5,53000.0,0.22084615384615386,50000.0,48000.0,235,6282,stayers
3603700,45.0,55700.0,1210.0,52000.0,1705.0,29000.0,0.293162979440858,27000.0,25000.0,401,3768,stayers
3603800,30.0,102100.0,1540.0,97000.0,1860.0,65000.0,0.21327272727272728,60000.0,56000.0,227,4239,stayers
3603900,40.0,108100.0,1410.0,100000.0,1948.0,50000.0,0.22143478260869565,49000.0,46000.0,87,1672,stayers
3604000,40.0,82200.0,1410.0,80000.0,1931.5,40000.0,0.24532423208191126,40000.0,36400.0,700,10586,stayers
3604100,45.0,85000.0,1590.0,84450.0,1839.0,40000.0,0.24585553832416937,40000.0,37950.0,517,9933,stayers
3700100,15.0,62000.0,750.0,57100.0,570.0,30000.0,0.141799501867995,28000.0,25000.0,25,620,stayers
3700200,20.0,55650.0,606.0,51000.0,557.0,32150.0,0.14306666666666668,30000.0,28000.0,20,626,stayers
3700300,20.0,62200.0,693.0,56000.0,670.0,34000.0,0.14400000000000002,30000.0,30000.0,24,472,stayers
3700400,20.0,62350.0,748.0,56000.0,719.0,38800.0,0.16099378881987578,35000.0,35000.0,26,440,stayers
3700590,20.0,55000.0,682.5,48650.0,695.0,30500.0,0.1732922127987664,28900.0,27000.0,49,877,stayers
3700700,20.0,68900.0,890.0,62000.0,903.0,35000.0,0.18143839853302807,30000.0,29000.0,15,384,stayers
3700800,15.0,65000.0,757.0,54500.0,781.0,29950.0,0.19371428571428573,28000.0,25000.0,29,399,stayers
3700900,20.0,61150.0,750.0,54000.0,726.0,32000.0,0.16875,30500.0,30000.0,33,517,stayers
3701000,20.0,56000.0,730.0,49900.0,723.0,30600.0,0.18920454545454546,28000.0,28000.0,22,393,stayers
3701100,25.0,69000.0,842.0,64200.0,990.0,40000.0,0.17181869158878504,36000.0,35000.0,18,551,stayers
3701200,20.0,110000.0,1095.0,100000.0,1403.0,52000.0,0.16704347826086957,50000.0,48000.0,128,4030,stayers
3701300,20.0,90000.0,1040.0,81000.0,1210.0,45000.0,0.16819148936170214,43050.0,41000.0,39,999,stayers
3701400,20.0,108700.0,1107.0,92000.0,1366.0,49000.0,0.16024844720496895,45000.0,42000.0,19,648,stayers
3701500,22.0,78200.0,732.5,67600.0,921.0,35000.0,0.15532800000000002,33000.0,30500.0,18,516,stayers
3701600,20.0,67550.0,795.0,59800.0,806.0,35000.0,0.15591836734693879,32000.0,32000.0,36,803,stayers
3701700,20.0,75000.0,860.0,65400.0,1010.0,40000.0,0.1762876191841709,36000.0,35000.0,112,1969,stayers
3701800,18.5,75500.0,803.0,63530.0,903.0,38000.0,0.1671902148637336,35000.0,34650.0,55,1507,stayers
3701990,20.0,68900.0,784.0,63500.0,894.0,36000.0,0.1630939226519337,35000.0,33000.0,53,1093,stayers
3702000,20.0,58400.0,640.0,54900.0,665.0,35000.0,0.14163679275371563,33000.0,31000.0,13,433,stayers
3702100,18.5,60000.0,670.0,54200.0,660.0,32500.0,0.1374,30100.0,30000.0,21,469,stayers
3702200,15.0,79500.0,928.5,65000.0,933.0,35000.0,0.17250000000000001,32000.0,30000.0,27,933,stayers
3702390,20.0,62000.0,695.0,55000.0,590.0,31000.0,0.15225,27000.0,26000.0,38,790,stayers
3702500,15.0,70900.0,820.0,64080.0,828.5,35000.0,0.16549999999999998,32000.0,30000.0,18,483,stayers
3702690,20.0,63800.0,701.0,57100.0,653.0,32170.0,0.15786096256684493,31000.0,30000.0,50,1033,stayers
3702800,15.0,67600.0,720.0,60000.0,768.0,37000.0,0.15474285714285713,35200.0,34000.0,31,576,stayers
3703000,20.0,70720.0,820.0,63200.0,850.0,36100.0,0.15711711711711712,35000.0,34000.0,47,1065,stayers
3703100,20.0,89600.0,1087.5,80000.0,1240.0,45000.0,0.1775,42000.0,40000.0,150,4272,stayers
3703290,20.0,80000.0,799.0,71000.0,931.0,40000.0,0.15662717029267947,38000.0,35800.0,32,1007,stayers
3703400,20.0,68550.0,739.0,63350.0,848.0,36300.0,0.15384615384615385,33000.0,32000.0,25,488,stayers
3703500,20.0,62000.0,671.5,57000.0,765.0,34290.0,0.15610384615384615,32000.0,30000.0,30,604,stayers
3703600,20.0,59600.0,712.5,53200.0,690.0,33000.0,0.15657242783706457,32000.0,30000.0,24,544,stayers
3703700,20.0,74800.0,826.0,65600.0,870.0,38000.0,0.15242550906929475,33000.0,32000.0,16,425,stayers
3703800,25.0,66800.0,865.0,61000.0,887.0,36000.0,0.1757737867787543,33600.0,32000.0,36,709,stayers
3703900,15.0,55000.0,685.0,49000.0,625.0,33150.0,0.15193548387096772,31000.0,30000.0,25,467,stayers
3704000,18.0,64000.0,783.0,57600.0,711.0,30900.0,0.16439560439560438,28000.0,27000.0,24,412,stayers
3704190,20.0,61700.0,940.0,57100.0,892.0,30000.0,0.17399688099771488,28000.0,27000.0,50,721,stayers
3704200,15.0,71400.0,820.0,65000.0,973.0,38000.0,0.1726788990825688,37000.0,35000.0,23,518,stayers
3704300,15.0,64600.0,830.0,57800.0,854.0,31000.0,0.1851081081081081,30000.0,28000.0,12,332,stayers
3704400,20.0,71100.0,800.0,62950.0,811.0,39800.0,0.1647625079164028,35000.0,32000.0,35,677,stayers
3704690,20.0,80000.0,950.0,70000.0,1220.0,40000.0,0.18304615384615386,36000.0,33800.0,37,982,stayers
3704800,20.0,76100.0,917.5,68600.0,949.5,38700.0,0.17232084485793314,33000.0,31000.0,28,475,stayers
3704990,20.0,51755.0,642.0,45000.0,595.0,30000.0,0.16332203389830507,28600.0,26000.0,47,988,stayers
3705000,20.0,58100.0,906.5,51050.0,893.0,30000.0,0.20694444444444443,27000.0,26000.0,81,1229,stayers
3705200,20.0,52000.0,712.0,48000.0,743.5,30000.0,0.16962616822429905,30000.0,29100.0,37,425,stayers
3705390,30.0,94000.0,917.5,86000.0,1176.5,45000.0,0.1614938828074694,43000.0,42000.0,40,1125,stayers
3800100,15.0,87800.0,792.0,79000.0,686.0,45700.0,0.12363636363636364,42000.0,38000.0,24,914,stayers
3800200,10.0,73800.0,520.0,67000.0,534.0,40000.0,0.11897435897435898,38000.0,32000.0,16,827,stayers
3800300,15.0,87000.0,750.0,78900.0,753.0,45000.0,0.138,41000.0,40000.0,6,555,stayers
3800400,10.0,83100.0,733.0,71000.0,683.0,40000.0,0.13771352208380522,37500.0,35000.0,11,560,stayers
3800500,15.0,94000.0,760.0,83200.0,1175.5,43500.0,0.1694915254237288,40000.0,40000.0,11,568,stayers
3900100,20.0,70600.0,670.0,61750.0,689.0,36000.0,0.13904457119387037,33500.0,32000.0,29,688,stayers
3900290,18.0,73800.0,750.0,65000.0,907.0,38000.0,0.16184810126582277,35000.0,35000.0,144,2662,stayers
3900700,15.0,72700.0,718.0,65000.0,777.0,37000.0,0.15333333333333335,34000.0,33400.0,25,582,stayers
3900800,20.0,78000.0,710.0,69790.0,973.0,40000.0,0.16158139534883723,38000.0,36000.0,45,1189,stayers
3900900,20.0,79000.0,800.0,66000.0,997.0,40000.0,0.17116981132075473,37000.0,35100.0,292,5387,stayers
3901090,25.0,88000.0,840.0,79000.0,1014.0,44100.0,0.15245901639344261,40300.0,40000.0,42,1407,stayers
3901300,20.0,62700.0,690.5,58500.0,702.0,36850.0,0.15920577617328519,32700.0,31000.0,33,385,stayers
3901490,20.0,64000.0,700.0,55350.0,719.0,33000.0,0.154878892733564,30000.0,29000.0,81,1712,stayers
3901700,25.0,75225.0,830.0,68900.0,994.0,38000.0,0.15962660443407234,36000.0,35000.0,31,620,stayers
3901800,20.0,80000.0,805.0,70000.0,954.0,40000.0,0.1599248120300752,36000.0,35000.0,95,2113,stayers
3901900,25.0,92200.0,930.0,84900.0,1067.0,45050.0,0.14993841521828383,42000.0,40000.0,21,823,stayers
3902000,15.0,72000.0,672.0,66380.0,723.0,36000.0,0.14760849056603775,33350.0,30000.0,13,561,stayers
3902100,20.0,63750.0,760.0,56900.0,803.0,33500.0,0.1657370517928287,31000.0,30000.0,25,556,stayers
3902200,18.0,65450.0,630.0,56000.0,713.0,34800.0,0.157006993006993,32000.0,31000.0,16,420,stayers
3902300,18.0,65850.0,690.0,58000.0,636.0,33800.0,0.14060606060606062,30000.0,30000.0,21,664,stayers
3902400,15.0,85050.0,720.0,75200.0,893.0,40000.0,0.1411764705882353,39500.0,38000.0,13,668,stayers
3902500,15.0,71900.0,675.0,64000.0,705.0,35500.0,0.14945630285944422,32000.0,30000.0,16,500,stayers
3902600,15.0,73800.0,740.0,67200.0,728.0,38000.0,0.13508196721311477,36000.0,35000.0,24,741,stayers
3902700,20.0,69000.0,680.0,62310.0,790.0,36500.0,0.150375,35000.0,32000.0,22,613,stayers
3902800,20.0,61900.0,770.0,58800.0,694.0,36000.0,0.15586813186813187,33000.0,32000.0,14,591,stayers
3902900,18.0,66000.0,690.0,55000.0,654.0,32000.0,0.1397590361445783,30000.0,27250.0,27,513,stayers
3903000,20.0,69000.0,715.0,62900.0,701.0,36000.0,0.1421063829787234,32000.0,32000.0,15,549,stayers
3903190,20.0,72000.0,775.0,65000.0,824.5,35000.0,0.16,32000.0,31000.0,64,1543,stayers
3903400,20.0,60000.0,645.0,54000.0,631.0,32000.0,0.1415597667638484,30000.0,29150.0,16,380,stayers
3903500,20.0,61400.0,660.0,56000.0,617.0,32000.0,0.13645569620253165,30000.0,29000.0,35,661,stayers
3903600,20.0,59300.0,615.0,52200.0,546.0,35000.0,0.13546796288113122,30000.0,29750.0,14,466,stayers
3903700,20.0,58300.0,720.0,53100.0,690.0,35000.0,0.15062068965517242,32000.0,32000.0,14,469,stayers
3903800,25.0,78000.0,850.0,72905.0,918.0,40000.0,0.14959459459459462,36000.0,35000.0,21,653,stayers
3903900,25.0,84700.0,940.0,83000.0,1063.0,43950.0,0.16067567482874673,40000.0,40000.0,17,643,stayers
3904000,25.0,126300.0,1042.5,117000.0,1690.0,63000.0,0.1670943396226415,60000.0,58000.0,14,852,stayers
3904100,20.0,82600.0,956.0,72500.0,1170.0,41000.0,0.18232558139534882,38000.0,36800.0,168,4421,stayers
3904200,25.0,85000.0,836.5,78000.0,1029.5,42050.0,0.1602790448081567,40100.0,40000.0,20,642,stayers
3904300,20.0,67000.0,720.0,60000.0,783.0,38000.0,0.1514285714285714,32500.0,30700.0,28,567,stayers
3904400,20.0,74800.0,780.0,70200.0,836.0,40150.0,0.14304,40000.0,40000.0,13,413,stayers
3904500,20.0,70600.0,695.0,64300.0,752.0,38000.0,0.14265529841656516,35000.0,33000.0,31,923,stayers
3904600,20.0,71600.0,770.0,61100.0,920.0,37500.0,0.1749942857142857,35000.0,34000.0,83,1880,stayers
3904700,17.0,87700.0,903.0,78700.0,989.0,44500.0,0.15379061371841155,40000.0,36000.0,25,630,stayers
3904800,19.0,61000.0,720.0,55570.0,737.0,35000.0,0.1507924528301887,33000.0,32000.0,21,373,stayers
3904900,20.0,64080.0,602.0,55700.0,718.0,33000.0,0.15173252279635258,30000.0,30000.0,22,341,stayers
3905000,20.0,59700.0,718.0,50000.0,615.0,34000.0,0.154,31000.0,30000.0,21,420,stayers
3905100,19.0,62000.0,655.0,52400.0,637.5,33500.0,0.14936170212765956,31550.0,30000.0,16,410,stayers
3905200,20.0,60000.0,670.0,52300.0,781.0,32000.0,0.17232786885245902,30000.0,28500.0,26,462,stayers
3905300,25.0,104290.0,1023.0,97350.0,1347.0,52000.0,0.15649586776859503,50000.0,48000.0,23,779,stayers
3905400,20.0,87470.0,870.0,79660.0,1104.0,41000.0,0.16256983240223463,38000.0,36000.0,57,1330,stayers
3905500,20.0,91120.0,810.0,77025.0,1116.0,43125.0,0.16777570093457944,40000.0,40000.0,121,3123,stayers
3905690,30.0,77000.0,822.0,71000.0,1003.0,40000.0,0.15951807228915663,40000.0,38000.0,36,983,stayers
4000190,20.0,60000.0,709.0,54700.0,650.0,34000.0,0.15096630496858937,31000.0,30000.0,96,1903,stayers
4000200,20.0,50600.0,623.0,46000.0,486.0,30000.0,0.1434768940584722,29000.0,26000.0,30,385,stayers
4000300,15.0,49000.0,625.0,44000.0,445.0,31000.0,0.1367231638418079,30000.0,27000.0,47,828,stayers
4000400,15.0,59000.0,700.0,56000.0,556.0,34500.0,0.1359916054564533,30000.0,25350.0,22,332,stayers
4000500,12.0,62000.0,649.0,56000.0,590.0,38000.0,0.13738636363636364,34000.0,30000.0,12,493,stayers
4000600,15.0,61330.0,659.5,55500.0,538.0,32000.0,0.13855421686746988,30000.0,28450.0,35,679,stayers
4000700,15.0,52200.0,653.0,47950.0,491.0,33000.0,0.14018691588785046,30500.0,30000.0,54,971,stayers
4000800,20.0,91760.0,887.5,88000.0,1082.0,48000.0,0.145424399069527,45000.0,43000.0,9,384,stayers
4000900,20.0,80855.0,988.0,74325.0,1103.0,39700.0,0.1763076923076923,37500.0,36000.0,24,623,stayers
4001000,20.0,75900.0,863.0,64000.0,940.0,38400.0,0.16321543408360129,36000.0,33600.0,77,1876,stayers
4001100,25.0,65300.0,688.0,60200.0,663.0,36000.0,0.14549357734083052,35000.0,31500.0,32,912,stayers
4001290,20.0,65600.0,803.0,59650.0,824.5,35000.0,0.1662,34000.0,32000.0,172,3370,stayers
4001400,15.0,64100.0,790.0,58500.0,538.0,35300.0,0.12236842105263158,33000.0,31000.0,16,461,stayers
4100100,10.0,63600.0,800.0,60000.0,839.0,35000.0,0.16488,32000.0,30000.0,30,656,stayers
4100200,15.0,62000.0,758.0,59950.0,850.0,37100.0,0.16421052631578947,34000.0,30500.0,21,573,stayers
4100300,10.0,56700.0,693.0,50000.0,756.0,30000.0,0.16753398058252428,26400.0,24300.0,30,499,stayers
4100400,15.0,74000.0,1210.0,71700.0,1340.0,39900.0,0.2109375,35000.0,31000.0,14,481,stayers
4100500,15.0,68000.0,990.0,62000.0,1022.0,38000.0,0.18814973262032086,35000.0,31600.0,30,685,stayers
4100600,16.5,74650.0,1010.0,68000.0,1099.0,38000.0,0.18637554585152838,35000.0,34000.0,44,879,stayers
4100700,15.0,74000.0,977.0,64150.0,1129.5,36000.0,0.20666666666666667,33550.0,30000.0,75,1389,stayers
4100800,15.0,57600.0,830.0,52840.0,818.0,34000.0,0.1942718446601942,30000.0,27000.0,23,462,stayers
4100900,15.0,67000.0,1010.0,60000.0,1108.0,36000.0,0.21151333333333333,32000.0,30000.0,37,660,stayers
4101000,15.0,56400.0,800.0,51000.0,819.0,35000.0,0.18674583712251872,31000.0,30000.0,17,360,stayers
4101100,20.0,77000.0,983.0,71000.0,1252.0,39650.0,0.19671232876712327,36600.0,35000.0,47,1207,stayers
4101200,20.0,76800.0,1033.0,70700.0,1280.5,38000.0,0.1899526803655928,35000.0,32000.0,28,730,stayers
4101325,20.0,90000.0,1218.0,82000.0,1556.0,42005.0,0.20437500000000003,40000.0,38450.0,129,3369,stayers
4101326,25.0,99550.0,1333.0,92300.0,1610.0,50000.0,0.19740932642487047,48000.0,44000.0,55,1508,stayers
4101327,20.0,102100.0,1365.0,95700.0,1674.0,49000.0,0.19053604436229205,45000.0,44000.0,81,2354,stayers
4200100,15.0,75060.0,730.0,68700.0,902.0,35000.0,0.15466666666666667,32000.0,30000.0,37,1043,stayers
4200200,15.0,67000.0,675.0,60000.0,616.5,35000.0,0.1405795795795796,32000.0,30000.0,61,956,stayers
4200300,20.0,63000.0,633.0,57600.0,647.5,35000.0,0.14553969957081547,33000.0,31000.0,60,1123,stayers
4200400,20.0,65000.0,742.0,60290.0,709.0,35000.0,0.15251508887970236,32000.0,30000.0,25,839,stayers
4200500,20.0,74100.0,831.5,68600.0,919.0,35900.0,0.17133333333333334,33600.0,30000.0,36,767,stayers
4200600,25.0,85000.0,1200.0,77600.0,1350.0,40000.0,0.19403669724770645,38000.0,35250.0,27,433,stayers
4200700,20.0,77150.0,780.5,69700.0,973.0,39000.0,0.17078014184397164,35000.0,35000.0,52,1216,stayers
4200800,20.0,72000.0,747.0,65000.0,840.0,36800.0,0.16132075471698115,34900.0,33000.0,74,1952,stayers
4200900,20.0,67260.0,750.0,63000.0,850.0,35900.0,0.15896327810120914,34000.0,32000.0,38,1021,stayers
4201000,20.0,73000.0,650.0,66000.0,778.0,37000.0,0.154,35000.0,33500.0,23,622,stayers
4201100,20.0,69600.0,736.0,64000.0,825.0,35000.0,0.15318209623274898,32000.0,30000.0,23,867,stayers
4201200,20.0,82200.0,970.0,75000.0,984.0,38510.0,0.16981903305057247,36000.0,35000.0,20,644,stayers
4201300,20.0,65000.0,610.0,55350.0,597.0,34000.0,0.14543778801843318,31900.0,30000.0,52,981,stayers
4201400,15.0,67000.0,660.0,59600.0,624.0,34300.0,0.14033898305084747,30000.0,29600.0,25,670,stayers
4201500,20.0,74800.0,700.0,65000.0,819.0,39000.0,0.15665389027599702,36000.0,35000.0,55,1304,stayers
4201600,20.0,82600.0,810.0,75000.0,917.0,44900.0,0.14668665575188206,40000.0,40000.0,31,1021,stayers
4201700,25.0,88700.0,870.0,74520.0,964.0,43350.0,0.1562360029211295,40000.0,40000.0,192,4686,stayers
4201900,22.0,66200.0,700.0,60000.0,708.0,34400.0,0.14790476190476193,32000.0,30000.0,60,906,stayers
4202000,20.0,81100.0,694.0,71600.0,828.5,40000.0,0.15035294117647058,36000.0,35000.0,54,1532,stayers
4202100,20.0,64050.0,607.0,58940.0,627.0,35000.0,0.14506666666666668,32000.0,30900.0,39,869,stayers
4202200,15.0,63300.0,649.0,59000.0,698.0,33000.0,0.15705717712914835,30000.0,30000.0,38,855,stayers
4202300,20.0,83500.0,861.5,80700.0,1015.0,42000.0,0.1610894941634241,40000.0,38000.0,35,1304,stayers
4202400,20.0,83900.0,940.0,75000.0,1010.0,40000.0,0.1619501187648456,37900.0,35000.0,40,1037,stayers
4202500,20.0,78600.0,820.0,72000.0,973.0,40000.0,0.16457142857142856,39400.0,36600.0,12,514,stayers
4202600,20.0,67400.0,710.0,61400.0,709.0,39000.0,0.14885963285740775,35650.0,35000.0,36,820,stayers
4202700,20.0,79400.0,930.0,74000.0,1153.0,40000.0,0.18387692307692308,36500.0,35000.0,84,1635,stayers
4202890,20.0,84000.0,1036.0,76500.0,1164.0,42000.0,0.18085278292965093,40000.0,38000.0,91,2553,stayers
4203000,25.0,114900.0,1180.0,104500.0,1673.0,51000.0,0.17955760368663595,50000.0,47000.0,98,2501,stayers
4203100,25.0,120950.0,1260.0,110000.0,1656.5,54200.0,0.17833333333333334,50000.0,50000.0,136,3378,stayers
4203200,30.0,67250.0,1000.0,55300.0,917.0,37500.0,0.19929230769230769,35000.0,35000.0,248,3431,stayers
4203300,30.0,107020.0,1101.0,95000.0,1427.0,49000.0,0.17424657534246576,45000.0,44000.0,85,1992,stayers
4203400,25.0,122000.0,1308.0,113000.0,1780.0,52750.0,0.18057101080737442,50000.0,47400.0,83,2126,stayers
4203500,20.0,81200.0,1026.0,76000.0,1140.0,40000.0,0.17975172413793103,36800.0,35000.0,56,1796,stayers
4203600,20.0,85000.0,1000.0,79350.0,1228.0,42000.0,0.18390532544378696,40000.0,39750.0,68,1744,stayers
4203700,20.0,78700.0,850.0,73000.0,1113.0,40000.0,0.17293116279069767,36850.0,36000.0,44,1078,stayers
4203800,20.0,65500.0,650.0,57200.0,660.0,33330.0,0.14903225806451612,30000.0,29200.0,48,1137,stayers
4203900,20.0,62700.0,660.0,59420.0,708.0,34425.0,0.155850622406639,31850.0,30000.0,19,563,stayers
4204000,25.0,78000.0,683.0,69000.0,758.0,40000.0,0.13554180585331804,37900.0,36000.0,46,1190,stayers
4400100,20.0,82000.0,940.0,73300.0,1505.0,40000.0,0.21189437428243396,38000.0,36000.0,150,2599,stayers
4400201,25.0,103880.0,1150.0,90000.0,1491.0,50000.0,0.18725274725274726,48000.0,45000.0,39,778,stayers
4400300,20.0,110400.0,1147.0,96500.0,1772.0,50000.0,0.20494117647058824,45000.0,41600.0,18,660,stayers
4400400,20.0,109000.0,1068.0,99800.0,1639.0,52000.0,0.18587479935794543,48000.0,45000.0,25,575,stayers
4500100,20.0,75000.0,822.0,66400.0,845.0,38000.0,0.15302608695652173,35500.0,35000.0,79,2244,stayers
4500101,20.0,64600.0,709.0,56800.0,574.0,32000.0,0.13762376237623763,30000.0,30000.0,39,762,stayers
4500200,20.0,65300.0,770.0,60100.0,628.0,35000.0,0.14670967741935484,33250.0,31950.0,24,682,stayers
4500300,20.0,66500.0,785.0,61800.0,725.0,35000.0,0.14564245810055867,33000.0,32000.0,45,1253,stayers
4500400,20.0,54250.0,680.0,48300.0,509.0,32000.0,0.14931645569620253,30000.0,28100.0,30,595,stayers
4500500,20.0,79000.0,840.0,73700.0,970.0,39500.0,0.15040064402810305,36000.0,35000.0,49,1018,stayers
4500600,20.0,75000.0,902.0,66100.0,920.0,38300.0,0.16695652173913045,35000.0,34000.0,78,1773,stayers
4500606,20.0,72200.0,879.0,68000.0,896.0,40000.0,0.1479876160990712,37000.0,35000.0,62,1427,stayers
4500700,20.0,58000.0,670.0,53000.0,584.5,30000.0,0.14218109803058643,28800.0,28000.0,34,575,stayers
4500800,20.0,60000.0,725.0,53000.0,586.0,30000.0,0.14370731707317075,28700.0,26000.0,57,703,stayers
4500900,15.0,60000.0,680.0,54000.0,622.0,32000.0,0.14216816942755295,30000.0,28000.0,33,724,stayers
4501000,20.0,54800.0,661.0,47000.0,694.0,30000.0,0.17094060386074905,28000.0,25000.0,28,397,stayers
4501100,20.0,60000.0,964.5,54800.0,771.0,31200.0,0.17335113484646195,28000.0,25900.0,48,1121,stayers
4501200,22.0,83000.0,1092.0,75000.0,1189.0,42200.0,0.18031634446397188,40000.0,38000.0,98,2853,stayers
4501300,20.0,50000.0,690.0,43900.0,514.0,28000.0,0.1567719530345626,26000.0,25000.0,55,720,stayers
4501400,20.0,81500.0,1166.5,73600.0,1150.0,38950.0,0.18649453823237339,35000.0,32000.0,24,598,stayers
4501500,20.0,67700.0,719.0,61100.0,626.0,35000.0,0.1422950819672131,32000.0,30000.0,43,613,stayers
4501600,20.0,59500.0,690.0,54300.0,593.0,32200.0,0.14088,30000.0,28900.0,21,371,stayers
4600100,15.0,72000.0,860.0,66600.0,897.0,36000.0,0.1688095238095238,32500.0,30000.0,10,541,stayers
4600200,10.0,45600.0,511.5,45000.0,498.5,32000.0,0.1543181818181818,30000.0,27000.0,42,471,stayers
4600300,14.0,75000.0,642.5,64200.0,657.0,38000.0,0.1295801526717557,35000.0,31000.0,9,752,stayers
4600400,10.0,76000.0,730.5,65050.0,635.0,37000.0,0.1325373134328358,34000.0,30000.0,14,727,stayers
4600590,15.0,85400.0,784.0,78400.0,990.0,40000.0,0.15314285714285714,39300.0,37000.0,15,1212,stayers
4700100,20.0,52000.0,650.0,48900.0,532.0,30000.0,0.14568265682656828,29000.0,27000.0,25,613,stayers
4700200,20.0,55765.0,610.0,48475.0,541.0,32000.0,0.14319300164024057,30000.0,26500.0,23,602,stayers
4700300,20.0,74500.0,919.0,70000.0,1005.0,37050.0,0.1736613603473227,35000.0,34000.0,42,676,stayers
4700400,30.0,72600.0,880.0,67000.0,819.5,36100.0,0.14829850746268655,35000.0,33000.0,35,852,stayers
4700500,30.0,77000.0,1029.0,72400.0,1055.5,40000.0,0.1698,38000.0,35000.0,21,775,stayers
4700600,20.0,57200.0,643.0,52600.0,520.0,34015.0,0.1420497803806735,32000.0,30000.0,17,527,stayers
4700700,20.0,52700.0,588.0,45000.0,444.0,29000.0,0.15029411764705883,26000.0,24000.0,20,426,stayers
4700800,20.0,51350.0,622.0,46500.0,451.0,29100.0,0.14074532701124653,28000.0,25000.0,19,394,stayers
4700900,20.0,50050.0,610.0,45500.0,490.0,30000.0,0.14588908765652953,28000.0,27000.0,32,475,stayers
4701090,20.0,63050.0,640.0,56000.0,598.0,32000.0,0.13723122238586155,30000.0,30000.0,43,856,stayers
4701200,20.0,52800.0,560.0,48700.0,480.0,32000.0,0.13782178217821783,30000.0,29000.0,23,563,stayers
4701300,20.0,69275.0,797.5,59000.0,729.0,35150.0,0.15657831325301205,34100.0,32450.0,16,380,stayers
4701400,25.0,54100.0,690.0,46900.0,585.5,32800.0,0.14444444444444443,30000.0,29000.0,22,386,stayers
4701500,20.0,58000.0,760.0,54000.0,740.5,30000.0,0.15853963456518755,26950.0,25000.0,30,544,stayers
4701600,20.0,79200.0,850.0,68000.0,874.0,39000.0,0.15377574370709382,36000.0,35000.0,70,2378,stayers
4701700,20.0,73000.0,733.0,65600.0,823.0,37000.0,0.1472153846153846,35000.0,33350.0,19,489,stayers
4701800,20.0,61100.0,743.0,56000.0,697.0,32055.0,0.1503939962476548,30000.0,30000.0,19,443,stayers
4701900,15.0,60000.0,670.0,54800.0,710.0,33000.0,0.16821929026387628,30000.0,29800.0,26,631,stayers
4702000,20.0,83295.0,890.0,70700.0,930.0,40950.0,0.15562499999999999,40000.0,36000.0,38,1406,stayers
4702100,25.0,61000.0,695.0,54600.0,570.0,35000.0,0.1486404833836858,31850.0,30000.0,22,480,stayers
4702200,20.0,65000.0,670.0,60400.0,594.0,35700.0,0.13402247191011235,35000.0,32000.0,19,556,stayers
4702300,30.0,86750.0,959.0,81800.0,1124.0,43150.0,0.16315845257021727,40350.0,40000.0,11,489,stayers
4702400,25.0,84000.0,1000.0,78650.0,1101.5,40000.0,0.16693877551020408,40000.0,38000.0,33,1096,stayers
4702500,20.0,82000.0,1060.0,73000.0,1114.0,40000.0,0.18206521739130435,38000.0,35000.0,104,2853,stayers
4702600,25.0,140030.0,1700.0,130000.0,1785.0,65000.0,0.1494494117647059,61000.0,60000.0,20,900,stayers
4702700,20.0,67400.0,776.5,62000.0,776.0,35000.0,0.14620253164556962,32000.0,31000.0,24,665,stayers
4702800,20.0,56200.0,617.5,46600.0,538.0,32000.0,0.14662968099861304,30000.0,28000.0,31,486,stayers
4702900,20.0,55000.0,623.0,48400.0,541.0,30700.0,0.1456324582338902,30000.0,28000.0,26,621,stayers
4703000,15.0,65000.0,881.0,57000.0,704.0,35250.0,0.16455696202531647,34500.0,30000.0,11,407,stayers
4703100,30.0,65000.0,758.0,60100.0,784.0,36000.0,0.1624342105263158,35000.0,32000.0,34,627,stayers
4703200,20.0,74000.0,913.5,62150.0,991.0,38000.0,0.180403286034354,35000.0,34000.0,180,2926,stayers
4800100,10.0,63200.0,729.0,59000.0,548.0,35005.0,0.12958333333333333,32000.0,29000.0,48,1058,stayers
4800200,15.0,60100.0,860.0,55460.0,698.0,32600.0,0.1610894941634241,30000.0,30000.0,16,538,stayers
4800300,15.0,88000.0,902.0,78500.0,1062.5,45000.0,0.16144274120829577,40500.0,40000.0,16,581,stayers
4800400,15.0,60500.0,703.0,56480.0,533.0,34000.0,0.12444444444444444,30950.0,28000.0,32,730,stayers
4800500,15.0,81000.0,950.0,68700.0,940.0,35000.0,0.17031472081218274,32000.0,30000.0,39,1192,stayers
4800600,15.0,69500.0,769.0,62500.0,727.5,39000.0,0.14111619047619048,35000.0,32000.0,32,861,stayers
4800700,14.0,68000.0,877.0,58800.0,707.5,36400.0,0.15546916890080428,33200.0,31800.0,17,526,stayers
4800800,20.0,77000.0,858.0,69820.0,750.0,40000.0,0.1473507148864592,37000.0,35000.0,25,1099,stayers
4800900,30.0,85000.0,930.0,82500.0,1137.0,45000.0,0.16453382084095064,42000.0,40000.0,30,798,stayers
4801000,15.0,58000.0,737.0,54000.0,584.0,30900.0,0.1475312686122692,29800.0,28000.0,38,733,stayers
4801100,15.0,70600.0,657.0,59400.0,578.0,36000.0,0.14051612903225807,35000.0,32000.0,24,506,stayers
4801200,20.0,65000.0,845.0,59410.0,609.0,36000.0,0.1537777777777778,33200.0,32500.0,20,391,stayers
4801300,20.0,60900.0,771.5,55200.0,625.0,31000.0,0.15121640488656196,30000.0,26500.0,29,513,stayers
4801400,35.0,79100.0,1003.0,76000.0,1133.5,45000.0,0.16652665589660742,45000.0,42800.0,18,573,stayers
4801500,20.0,69500.0,920.0,65000.0,815.5,35800.0,0.16304404332129963,35000.0,30300.0,30,792,stayers
4801600,15.0,62300.0,769.0,55200.0,656.0,31700.0,0.1541818181818182,29500.0,27000.0,21,394,stayers
4801700,20.0,63050.0,700.0,59600.0,581.0,34820.0,0.1410071942446043,32000.0,30000.0,26,525,stayers
4801800,25.0,63000.0,800.0,57750.0,657.0,32000.0,0.1656,30000.0,30000.0,24,601,stayers
4801900,25.0,121300.0,1458.0,113840.0,1713.0,60000.0,0.18099381908414167,56000.0,53000.0,147,4114,stayers
4802000,25.0,116000.0,1200.0,106000.0,1629.0,54000.0,0.18028689655172414,51000.0,50000.0,118,3777,stayers
4802101,25.0,86800.0,1015.0,83200.0,1126.0,43000.0,0.1640989399293286,40000.0,40000.0,24,819,stayers
4802102,30.0,77000.0,995.0,72000.0,901.0,41000.0,0.15657555440948945,40000.0,37000.0,18,720,stayers
4802200,20.0,75000.0,811.0,67100.0,753.0,40100.0,0.1484584980237154,38000.0,35000.0,12,503,stayers
4802300,25.0,75000.0,1050.0,70600.0,1161.0,38200.0,0.18535714285714286,36000.0,35000.0,453,10109,stayers
4802400,30.0,93000.0,1075.0,87600.0,1205.0,45410.0,0.15475555555555556,41000.0,37400.0,26,615,stayers
4802500,25.0,85600.0,1050.0,80000.0,1173.0,43000.0,0.1729170731707317,40000.0,39000.0,319,7685,stayers
4802600,15.0,60000.0,658.0,53490.0,541.0,35000.0,0.1361081081081081,32000.0,30000.0,37,1054,stayers
4802700,13.0,65300.0,813.0,59000.0,704.5,34000.0,0.14762264150943397,30000.0,30000.0,23,621,stayers
4802800,10.0,63100.0,637.0,59200.0,521.0,35075.0,0.11467269439421338,30000.0,27000.0,17,525,stayers
4802900,15.0,78000.0,804.0,67190.0,751.0,38000.0,0.14788732394366197,32000.0,30000.0,20,441,stayers
4803000,15.0,90500.0,1130.0,88000.0,1119.0,50000.0,0.15597678916827853,49000.0,45000.0,16,493,stayers
4803100,15.0,70000.0,977.0,65000.0,717.0,38850.0,0.1529918552036199,36550.0,35000.0,27,513,stayers
4803200,10.0,69000.0,726.5,60000.0,463.0,40000.0,0.11582608695652173,37600.0,32000.0,9,456,stayers
4803300,20.0,55900.0,813.0,52900.0,736.0,28800.0,0.17510192307692307,26000.0,25000.0,151,2730,stayers
4803400,20.0,71120.0,885.0,64250.0,813.0,37000.0,0.15435,33000.0,28500.0,28,717,stayers
4803500,15.0,67240.0,947.0,63200.0,952.0,35150.0,0.1806418863704098,32000.0,31500.0,71,1055,stayers
4803601,20.0,60000.0,730.0,57300.0,584.0,33000.0,0.1376871064920186,30000.0,27500.0,37,602,stayers
4803602,15.0,75300.0,950.0,63000.0,1057.0,35150.0,0.1966530612244898,34000.0,32000.0,19,683,stayers
4803700,20.0,62000.0,735.5,56500.0,608.0,32000.0,0.14390934844192632,30000.0,25200.0,48,997,stayers
4803800,15.0,70100.0,880.0,63800.0,809.0,33000.0,0.16309102607828732,30000.0,30000.0,42,1068,stayers
4803900,20.0,54400.0,783.0,49000.0,581.5,32000.0,0.16063636363636363,30000.0,25000.0,30,509,stayers
4804000,15.0,68000.0,776.0,57700.0,633.5,32000.0,0.14307692307692307,30000.0,25000.0,41,546,stayers
4804100,20.0,51850.0,680.0,45150.0,454.0,30000.0,0.1342517814726841,30000.0,26450.0,35,349,stayers
4804200,20.0,77550.0,690.0,71400.0,692.0,45000.0,0.1113913043478261,42000.0,40000.0,24,529,stayers
4804300,15.0,70000.0,855.0,62400.0,658.0,35400.0,0.15025620805369128,34000.0,32000.0,61,855,stayers
4804400,30.0,79140.0,960.0,68100.0,750.0,40000.0,0.14327799900447985,37000.0,35000.0,19,318,stayers
4804500,30.0,94400.0,1090.0,88200.0,1276.0,50000.0,0.16065843621399178,45725.0,43350.0,62,1510,stayers
4804600,25.0,79600.0,1013.0,74400.0,1106.0,40000.0,0.17548257181089472,37000.0,35000.0,868,14158,stayers
4804700,20.0,88800.0,1014.0,80000.0,1126.0,45000.0,0.16315334773218143,43000.0,40000.0,47,1172,stayers
4804800,25.0,91000.0,1037.0,86480.0,1013.0,48000.0,0.14470588235294118,45000.0,44100.0,58,1134,stayers
4804900,30.0,110000.0,1340.0,105000.0,1499.0,50000.0,0.17461682242990656,49000.0,45000.0,113,2168,stayers
4805000,20.0,77000.0,841.0,70000.0,780.0,37000.0,0.15181818181818182,35000.0,31000.0,32,703,stayers
4805100,25.0,72000.0,875.0,67800.0,796.0,40000.0,0.15104358256697323,36000.0,33450.0,12,592,stayers
4805200,25.0,103000.0,1310.0,98000.0,1469.0,50500.0,0.17720000000000002,50000.0,45600.0,68,2129,stayers
4805300,20.0,104300.0,1342.5,95000.0,1589.0,50000.0,0.1929679708288164,48000.0,45000.0,139,4848,stayers
4805400,30.0,96000.0,1125.0,84600.0,1448.0,45000.0,0.196990099009901,40000.0,40000.0,22,707,stayers
4805500,20.0,77800.0,690.0,68100.0,593.0,40050.0,0.12332947976878612,40000.0,35000.0,24,769,stayers
4805600,15.0,70800.0,893.0,65500.0,759.0,40000.0,0.15258715596330275,36000.0,35000.0,13,449,stayers
4805700,20.0,83180.0,1061.0,78000.0,1009.0,41150.0,0.16072995718293226,38400.0,36000.0,24,682,stayers
4805800,25.0,95900.0,1120.0,90000.0,1291.0,50000.0,0.16599929128277818,45000.0,41500.0,17,505,stayers
4805900,20.0,75000.0,966.0,70000.0,988.0,36000.0,0.174101388066126,34000.0,32000.0,308,6914,stayers
4806000,18.0,81500.0,942.0,73000.0,821.0,40000.0,0.15855700657590072,36000.0,30000.0,14,468,stayers
4806100,30.0,65600.0,750.0,60000.0,671.0,34925.0,0.1436923076923077,31000.0,30000.0,21,401,stayers
4806200,15.0,48000.0,660.0,44500.0,448.0,28000.0,0.1422710622710623,26000.0,24000.0,24,406,stayers
4806300,15.0,54000.0,752.0,51500.0,670.0,26195.0,0.17465856777493607,25000.0,23000.0,44,938,stayers
4806400,15.0,42000.0,560.0,39000.0,369.0,23000.0,0.12242424242424242,20800.0,18700.0,35,298,stayers
4806500,20.0,70700.0,892.0,66150.0,691.0,35000.0,0.14865051903114188,32000.0,29000.0,32,497,stayers
4806600,15.0,76000.0,1000.0,70000.0,868.0,37550.0,0.16172506738544476,35000.0,33250.0,67,1299,stayers
4806700,15.0,52200.0,700.0,49900.0,613.0,25000.0,0.1645128205128205,24000.0,21600.0,75,1393,stayers
4806800,15.0,54000.0,730.0,50200.0,560.0,25000.0,0.15551020408163263,24000.0,21000.0,136,2131,stayers
4806900,15.0,54600.0,875.0,46600.0,485.0,25200.0,0.15627906976744188,24000.0,20000.0,18,333,stayers
4903001,20.0,79000.0,752.5,75700.0,1094.0,37700.0,0.15630434782608696,35000.0,35000.0,21,588,stayers
4905001,15.0,85550.0,913.5,81355.0,1073.5,40000.0,0.1584065934065934,36000.0,35000.0,16,907,stayers
4911000,20.0,96800.0,1120.0,94400.0,1296.0,45000.0,0.15916052183777651,43000.0,41000.0,26,1099,stayers
4913001,10.0,70000.0,793.0,63000.0,589.0,33000.0,0.1337102290076336,30650.0,30000.0,33,675,stayers
4921001,10.0,68900.0,758.5,63900.0,685.5,33125.0,0.14293146983945548,30000.0,28850.0,23,687,stayers
4935000,20.0,92000.0,1100.0,86000.0,1296.0,40000.0,0.17605263157894738,38000.0,36000.0,110,3969,stayers
4949000,18.0,90000.0,1020.0,87300.0,1330.0,36000.0,0.17316169544740972,34000.0,32000.0,67,2470,stayers
4953001,15.0,71200.0,950.0,66030.0,1136.0,34000.0,0.196969696969697,30000.0,28000.0,11,368,stayers
4957000,15.0,76000.0,864.0,71000.0,1080.0,37055.0,0.16688976377952758,35000.0,34950.0,28,860,stayers
5000100,20.0,90020.0,1190.0,84340.0,1490.0,43100.0,0.19608,40500.0,38000.0,23,704,stayers
5000200,20.0,67150.0,858.0,60000.0,1063.0,38000.0,0.20331325301204817,33900.0,32000.0,30,750,stayers
5000300,20.0,78900.0,930.0,69000.0,1133.0,40000.0,0.19121281464530893,35050.0,34000.0,18,608,stayers
5000400,20.0,74200.0,900.0,65700.0,1138.0,39500.0,0.19581127733026465,35000.0,32000.0,23,718,stayers
5101300,30.0,176000.0,2000.0,149300.0,2759.0,88050.0,0.18215818497356032,85000.0,80000.0,24,1122,stayers
5104100,25.0,99050.0,1206.0,91600.0,1320.0,46000.0,0.16851673360107094,44200.0,43000.0,50,1368,stayers
5110700,30.0,152300.0,1916.5,148200.0,2485.0,70000.0,0.1895247724974722,68000.0,65000.0,57,1808,stayers
5151000,20.0,76080.0,773.0,67600.0,883.5,40000.0,0.1600695652173913,36000.0,35000.0,29,1252,stayers
5151001,20.0,92250.0,1158.0,83600.0,1217.0,47000.0,0.1673356401384083,43000.0,40000.0,29,998,stayers
5151010,20.0,48350.0,557.5,41700.0,434.0,31000.0,0.14155485807860263,30000.0,28000.0,42,613,stayers
5151020,20.0,57100.0,678.5,52400.0,513.0,33000.0,0.14355828220858896,30000.0,30000.0,26,779,stayers
5151040,20.0,77000.0,820.0,68900.0,704.5,36000.0,0.1465648854961832,32200.0,32000.0,21,650,stayers
5151080,20.0,78000.0,781.0,68200.0,948.0,37000.0,0.17483443708609273,35000.0,34350.0,14,520,stayers
5151084,20.0,86850.0,1100.0,84350.0,1265.0,43000.0,0.1656338028169014,40000.0,40000.0,8,545,stayers
5151085,25.0,78500.0,883.0,67000.0,925.0,37950.0,0.15692307692307692,33000.0,30000.0,14,464,stayers
5151087,30.0,97720.0,1198.0,92000.0,1469.0,50000.0,0.17627176104086495,46100.0,45000.0,22,667,stayers
5151095,25.0,70050.0,670.0,66000.0,768.0,41150.0,0.1385209003215434,38000.0,36000.0,16,428,stayers
5151096,15.0,72200.0,791.5,62800.0,770.5,32600.0,0.15440887174541948,30000.0,28200.0,17,502,stayers
5151097,20.0,56950.0,673.0,50300.0,589.0,31100.0,0.14412371134020618,29000.0,28000.0,35,764,stayers
5151100,20.0,98000.0,1410.0,90600.0,1533.0,46600.0,0.1960516129032258,42000.0,40000.0,63,1920,stayers
5151105,20.0,58575.0,670.0,52000.0,742.0,36000.0,0.17421686746987952,31000.0,29600.0,35,636,stayers
5151110,15.0,77400.0,870.0,68000.0,857.0,35040.0,0.1599228543876567,32000.0,30000.0,19,610,stayers
5151115,30.0,136040.0,1445.0,130530.0,1920.0,57270.0,0.16502255639097746,51000.0,50000.0,25,777,stayers
5151120,30.0,99500.0,1370.0,96900.0,1500.0,50000.0,0.17625,45600.0,45000.0,43,910,stayers
5151125,20.0,70000.0,810.0,62000.0,848.0,36000.0,0.16701956271576526,32100.0,30000.0,21,671,stayers
5151135,20.0,70150.0,1052.0,64000.0,935.0,35000.0,0.18285313794201974,32000.0,31100.0,45,610,stayers
5151145,25.0,94400.0,998.0,82700.0,1342.0,45750.0,0.1842,41000.0,40000.0,24,674,stayers
5151175,20.0,73000.0,1080.5,66500.0,1244.0,40000.0,0.20151724137931032,35700.0,35000.0,36,615,stayers
5151186,20.0,80000.0,1047.0,75000.0,1281.5,37500.0,0.20196147110332752,33200.0,33000.0,26,439,stayers
5151187,20.0,72000.0,1003.0,63100.0,1318.0,35130.0,0.2205128205128205,32000.0,30000.0,74,1327,stayers
5151200,20.0,95400.0,1100.0,85000.0,1250.0,47000.0,0.16980365605958023,43900.0,41000.0,54,1182,stayers
5151206,20.0,112800.0,1400.0,102500.0,1622.5,53000.0,0.1784455077086656,48000.0,45000.0,26,579,stayers
5151215,25.0,95600.0,1050.0,91750.0,1242.0,50000.0,0.15346153846153845,47500.0,45000.0,24,968,stayers
5151235,15.0,78000.0,1020.0,62520.0,1330.0,40000.0,0.21682242990654205,39050.0,36000.0,37,895,stayers
5151255,30.0,150000.0,1787.0,135000.0,2622.0,80000.0,0.20188799999999998,74000.0,70000.0,21,768,stayers
5151256,40.0,123000.0,1725.0,120000.0,2040.0,55000.0,0.19276887871853546,51000.0,50000.0,85,2326,stayers
5155000,20.0,100000.0,1183.0,94500.0,1496.5,48000.0,0.1977812995245642,43000.0,41000.0,32,821,stayers
5159300,30.0,152700.0,1900.0,145000.0,2321.0,75000.0,0.18430188679245285,70000.0,66000.0,194,5851,stayers
5310100,15.0,82050.0,1053.5,72000.0,1366.5,40000.0,0.20036199095022625,39000.0,36000.0,35,732,stayers
5310200,15.0,80900.0,1100.0,72000.0,1198.0,42665.0,0.19070016420361247,38000.0,35000.0,36,1354,stayers
5310300,15.0,71000.0,860.0,67300.0,890.0,36000.0,0.18274509803921568,33000.0,30000.0,12,417,stayers
5310400,15.0,61000.0,670.0,55600.0,679.0,33400.0,0.16209567198177677,30000.0,28000.0,36,521,stayers
5310500,20.0,77000.0,880.0,68800.0,1088.0,39215.0,0.18023602592499757,36000.0,35000.0,77,1827,stayers
5310600,15.0,70000.0,727.5,59050.0,765.0,37300.0,0.16184236947791164,35000.0,34100.0,22,556,stayers
5310700,15.0,86500.0,900.0,80300.0,1130.0,40500.0,0.16126482213438736,39500.0,36900.0,42,1118,stayers
5310800,15.0,71080.0,800.0,65700.0,1039.0,40000.0,0.1743956043956044,36000.0,34700.0,15,489,stayers
5310900,15.0,64450.0,800.0,60000.0,950.0,32000.0,0.18014327007666206,30000.0,28150.0,51,793,stayers
5311000,20.0,65000.0,910.0,63000.0,823.5,36400.0,0.17389655172413793,33000.0,30000.0,28,493,stayers
5311100,20.0,94040.0,1214.0,87300.0,1453.0,45000.0,0.192,43000.0,41000.0,69,1910,stayers
5311200,15.0,63400.0,880.0,56000.0,910.0,40800.0,0.1923581279674429,38000.0,36000.0,23,388,stayers
5311300,20.0,69600.0,795.0,64600.0,925.0,38000.0,0.17242268041237113,34100.0,30000.0,34,499,stayers
5311400,20.0,87650.0,1240.0,82000.0,1334.5,46000.0,0.1955472404115996,42100.0,40000.0,58,923,stayers
5311500,25.0,91400.0,1278.0,85000.0,1498.0,45000.0,0.19846956521739129,42000.0,40000.0,142,3571,stayers
5311600,30.0,120000.0,1588.0,111000.0,1975.0,59000.0,0.19743379446640316,55000.0,52000.0,329,8594,stayers
5311700,30.0,105000.0,1408.0,99600.0,1763.0,50000.0,0.19837462834489594,48600.0,47000.0,117,3194,stayers
5311800,20.0,94400.0,1163.5,86500.0,1380.0,48000.0,0.1804987365825062,45000.0,43000.0,45,1147,stayers
5311900,15.0,68000.0,897.5,57045.0,694.0,40000.0,0.1747233560090703,35000.0,30000.0,32,349,stayers
5400100,15.0,67000.0,700.0,58800.0,489.0,37000.0,0.11466257668711656,33950.0,32000.0,25,531,stayers
5400200,20.0,67600.0,702.0,60240.0,493.0,38200.0,0.11839272901219802,34100.0,32250.0,38,682,stayers
5400300,20.0,68820.0,753.0,62000.0,604.0,36000.0,0.13648695652173912,33000.0,30000.0,30,517,stayers
5400400,25.0,77000.0,837.0,70340.0,1003.5,40000.0,0.17250000000000001,37900.0,36000.0,37,776,stayers
5400500,20.0,58000.0,579.5,50000.0,448.0,29900.0,0.12336448598130842,26000.0,24000.0,28,480,stayers
5400600,20.0,51800.0,600.0,48400.0,440.0,32000.0,0.12111452923805222,30000.0,28000.0,26,379,stayers
5400700,15.0,65550.0,700.0,58470.0,571.0,36000.0,0.12495049504950495,33000.0,30000.0,22,385,stayers
5400800,15.0,60000.0,670.0,48800.0,549.0,35300.0,0.14352,32000.0,30350.0,8,482,stayers
5400900,25.0,63030.0,780.0,57620.0,484.0,40000.0,0.12192,38500.0,38000.0,17,301,stayers
5401000,20.0,65000.0,715.0,56500.0,643.0,38200.0,0.14085407795610874,35000.0,35000.0,40,698,stayers
5401100,20.0,50000.0,702.0,44200.0,386.0,30570.0,0.12843112566104256,30000.0,27000.0,18,295,stayers
5401200,20.0,56500.0,661.0,49600.0,506.0,33000.0,0.1396,30000.0,28000.0,29,486,stayers
5401300,20.0,42120.0,608.0,36450.0,387.0,31650.0,0.13765886287625417,30000.0,27500.0,22,268,stayers
5500100,20.0,65300.0,752.0,59700.0,724.0,35100.0,0.16,32100.0,30000.0,56,1486,stayers
5500104,20.0,102000.0,1100.0,90275.0,1468.0,50000.0,0.1845,46000.0,45000.0,37,1668,stayers
5500200,15.0,83400.0,820.0,75000.0,1090.0,40000.0,0.16591639871382635,39000.0,37800.0,22,730,stayers
5500600,15.0,66000.0,700.0,62000.0,771.0,37500.0,0.1507109651614092,32000.0,30000.0,20,709,stayers
5500700,20.0,75000.0,715.0,68000.0,913.0,40000.0,0.16195652173913044,37000.0,34900.0,35,1734,stayers
5500800,20.0,78700.0,690.0,70000.0,913.0,38000.0,0.16045714285714285,35000.0,33450.0,25,1395,stayers
5500900,15.0,78500.0,834.0,70400.0,1090.0,41000.0,0.16703296703296705,36000.0,35000.0,6,375,stayers
5501000,20.0,83800.0,830.0,78000.0,1080.0,41200.0,0.16486486486486487,40000.0,37000.0,14,831,stayers
5501001,20.0,80000.0,820.0,75000.0,1083.5,40000.0,0.16856074766355142,36000.0,35000.0,24,907,stayers
5501300,20.0,69400.0,750.0,61400.0,806.0,37950.0,0.15887915936952715,35000.0,33350.0,21,667,stayers
5501301,20.0,80300.0,680.0,72000.0,822.0,40675.0,0.14448,40000.0,38000.0,10,654,stayers
5501400,20.0,70400.0,667.0,64100.0,840.0,36000.0,0.16097560975609757,33300.0,31000.0,36,1187,stayers
5501401,15.0,79010.0,760.0,74600.0,999.0,42000.0,0.16135084427767354,40000.0,40000.0,21,760,stayers
5501500,15.0,82000.0,795.0,79200.0,1015.0,43000.0,0.1625934065934066,41000.0,40000.0,11,709,stayers
5501501,15.0,75400.0,730.0,69000.0,922.0,40000.0,0.16794871794871796,40000.0,39500.0,9,538,stayers
5501600,18.0,75000.0,783.5,69425.0,879.0,38550.0,0.1549047483650839,36500.0,35000.0,26,750,stayers
5501601,17.5,70000.0,740.0,64050.0,806.0,37000.0,0.15676595744680852,35000.0,33000.0,44,1103,stayers
5502400,20.0,75600.0,809.0,70000.0,996.0,39300.0,0.1803529411764706,35000.0,34300.0,19,537,stayers
5502500,15.0,76000.0,789.0,71000.0,1036.0,40000.0,0.17638889765866764,37450.0,35900.0,12,512,stayers
5510000,20.0,78000.0,843.0,75600.0,1172.0,38000.0,0.17247232472324722,35000.0,35000.0,19,431,stayers
5520000,25.0,101350.0,933.0,94300.0,1414.0,52000.0,0.1655981253254643,50000.0,50000.0,7,693,stayers
5530000,20.0,85000.0,840.0,75000.0,1099.0,46000.0,0.17469767441860465,44000.0,42000.0,16,495,stayers
5540100,20.0,73000.0,860.0,62000.0,1146.5,39000.0,0.1949189189189189,37000.0,36000.0,112,2307,stayers
5550000,20.0,88200.0,890.0,76600.0,1102.5,40000.0,0.16637294783288503,39950.0,37000.0,12,418,stayers
5555100,20.0,69250.0,750.0,66000.0,933.0,38000.0,0.16933333333333334,35000.0,32000.0,31,1739,stayers
5555102,20.0,85500.0,902.5,83000.0,1119.0,45000.0,0.16858895705521473,40500.0,40000.0,18,722,stayers
5570100,20.0,110000.0,1040.0,102400.0,1493.0,54000.0,0.17145,50785.0,50000.0,27,1305,stayers
5600100,12.0,76000.0,878.0,71000.0,868.0,45000.0,0.16450704225352114,40000.0,37600.0,17,446,stayers
5600200,10.0,78000.0,866.0,73000.0,901.0,40000.0,0.15520065075921907,36000.0,32000.0,10,407,stayers
5600300,10.0,84100.0,849.0,68405.0,1113.0,40000.0,0.18554697233989534,36000.0,35000.0,15,435,stayers
5600400,12.0,77600.0,812.0,70000.0,1038.0,42100.0,0.1690188679245283,38400.0,35750.0,23,495,stayers
5600500,15.0,81200.0,745.0,71000.0,831.0,40000.0,0.1510153846153846,36000.0,35000.0,35,536,stayers
