ORIGIN,JWMNP,FINCP,GRNTP,HINCP,SMOCP,PINCP,HH_COST,UNEMP,EMP,type
0100190,20.0,63500.0,582.0,55000.0,545.0,20900.0,0.13945873786407767,52,1062,stayers
0100290,20.0,80400.0,786.5,71000.0,860.0,26000.0,0.14353846153846153,80,2025,stayers
0100400,20.0,55050.0,610.0,49840.0,542.5,20000.0,0.1383944055944056,23,514,stayers
0100600,20.0,70100.0,702.5,60000.0,634.0,25050.0,0.1384083044982699,22,513,stayers
0100700,20.0,59000.0,653.0,53000.0,552.0,22800.0,0.13487179487179488,16,400,stayers
0100800,30.0,65400.0,779.0,61000.0,674.0,23000.0,0.14307304785894207,9,410,stayers
0100900,15.0,66900.0,680.0,59000.0,590.0,24000.0,0.15558260869565216,11,348,stayers
0101000,20.0,56700.0,652.5,51400.0,570.0,20100.0,0.15076923076923077,29,450,stayers
0101100,20.0,61450.0,752.0,53100.0,680.0,20775.0,0.1632788321167883,14,354,stayers
0101200,25.0,100000.0,1047.0,90000.0,1106.0,33400.0,0.14387352501026368,22,804,stayers
0101300,20.0,79700.0,936.5,68900.0,950.0,26000.0,0.1646086956521739,106,2035,stayers
0101590,20.0,75900.0,840.0,69500.0,872.0,26000.0,0.15671794871794872,30,727,stayers
0101700,20.0,56480.0,600.5,45500.0,513.0,15100.0,0.16067796610169494,23,338,stayers
0101800,23.0,63300.0,711.0,59600.0,613.0,22150.0,0.13392130257801899,24,426,stayers
0101900,20.0,85400.0,904.0,76000.0,903.0,26225.0,0.16079549405465546,13,393,stayers
0102090,20.0,72810.0,915.0,65300.0,856.5,25000.0,0.16,49,1180,stayers
0102200,20.0,54400.0,620.0,47500.0,475.0,18600.0,0.14627586206896553,28,461,stayers
0102300,20.0,66200.0,660.0,60000.0,590.0,21000.0,0.13602671118530885,33,723,stayers
0102400,20.0,53000.0,687.0,46630.0,623.5,17100.0,0.17008695652173914,36,465,stayers
0102500,15.0,68900.0,728.0,60000.0,680.0,24450.0,0.14275862068965517,82,1705,stayers
0102600,25.0,77000.0,920.0,67300.0,906.0,26300.0,0.1517948717948718,10,602,stayers
0102700,20.0,60100.0,860.0,53990.0,771.5,20250.0,0.16886227544910182,72,1184,stayers
0400100,20.0,85000.0,1169.0,78800.0,1221.0,30000.0,0.17868292682926828,643,15982,stayers
0400200,20.0,73400.0,940.0,65950.0,954.5,26960.0,0.17181818181818181,183,3570,stayers
0400300,20.0,40800.0,595.0,38000.0,212.0,12000.0,0.09625668449197862,105,704,stayers
0400400,15.0,66100.0,1110.0,64800.0,502.0,20750.0,0.1283076923076923,37,559,stayers
0400500,15.0,62100.0,880.0,56000.0,806.0,23000.0,0.18572307692307694,41,527,stayers
0400600,15.0,56200.0,770.0,49600.0,646.0,21000.0,0.16880930116963605,37,574,stayers
0400700,15.0,57100.0,880.0,54950.0,708.0,21000.0,0.1682142857142857,42,568,stayers
0400800,25.0,65300.0,950.0,62000.0,830.0,21500.0,0.16167272727272727,98,1439,stayers
0400900,15.0,64000.0,738.0,55000.0,710.0,20000.0,0.1575,30,505,stayers
0500100,15.0,85000.0,900.0,80000.0,1015.5,30000.0,0.1483076923076923,29,1066,stayers
0500200,17.0,76000.0,852.0,68000.0,895.0,25600.0,0.15624,20,735,stayers
0500300,15.0,52400.0,600.0,46950.0,504.0,20000.0,0.14787096774193548,30,595,stayers
0500400,15.0,52000.0,600.0,45400.0,523.5,19100.0,0.15245136186770428,16,505,stayers
0500590,15.0,59250.0,690.0,53400.0,629.0,20600.0,0.1501223063482819,60,1115,stayers
0500700,15.0,54000.0,590.0,48300.0,525.0,19100.0,0.14777777777777779,23,370,stayers
0500800,15.0,59650.0,700.0,49800.0,513.0,19950.0,0.14846511627906978,23,409,stayers
0500900,20.0,82800.0,857.5,68400.0,927.0,30000.0,0.15547540983606556,50,1164,stayers
0501100,20.0,76000.0,810.0,67080.0,846.0,26950.0,0.15431905150241515,27,763,stayers
0501200,22.0,77400.0,909.0,70000.0,780.0,31000.0,0.1400888888888889,11,391,stayers
0501300,15.0,53780.0,650.0,50000.0,522.0,19000.0,0.13625,37,535,stayers
0501400,15.0,61150.0,675.0,58500.0,714.0,23300.0,0.15304347826086956,12,626,stayers
0501500,20.0,56000.0,673.0,48500.0,504.0,20000.0,0.136,23,442,stayers
0501600,15.0,60600.0,735.0,56000.0,604.0,21000.0,0.14613821138211383,18,534,stayers
0501790,15.0,55300.0,682.5,49800.0,559.0,18000.0,0.13421875,35,721,stayers
0501900,15.0,56500.0,625.0,52000.0,458.0,20800.0,0.1271641791044776,16,358,stayers
0502000,17.5,55000.0,704.0,48200.0,459.0,20000.0,0.13558441558441559,19,390,stayers
0600100,30.0,132400.0,1900.0,123030.0,2424.0,40000.0,0.20643729189789123,291,7572,stayers
0600300,16.0,76000.0,990.0,68000.0,1151.0,26000.0,0.1871662763466042,46,650,stayers
0600700,15.0,67000.0,1068.5,62400.0,1094.0,22000.0,0.2071025555924328,56,746,stayers
0601100,20.0,65000.0,952.0,60310.0,894.0,22000.0,0.1828668941979522,30,462,stayers
0601300,30.0,124800.0,1827.5,116800.0,2248.0,38500.0,0.20764022014717703,177,4286,stayers
0601500,15.0,57700.0,810.0,53800.0,765.5,20400.0,0.16941176470588237,37,520,stayers
0601700,20.0,103700.0,1467.0,95600.0,1750.0,33150.0,0.19963636363636364,27,677,stayers
0601900,20.0,72000.0,1010.0,67100.0,1240.0,21200.0,0.21000000000000002,227,3222,stayers
0602300,15.0,66200.0,978.0,60700.0,976.0,24000.0,0.20360360360360363,36,509,stayers
0602500,15.0,55300.0,797.0,54500.0,910.0,10800.0,0.20256663376110562,36,364,stayers
0602900,16.0,65300.0,1035.0,63900.0,1145.0,19000.0,0.20464985994397758,164,2293,stayers
0603100,15.0,70700.0,1067.0,71000.0,1127.5,17800.0,0.18282548476454294,27,420,stayers
0603300,15.0,67310.0,1100.0,60000.0,1113.0,25000.0,0.217911227154047,29,458,stayers
0603700,30.0,85400.0,1480.0,83150.0,1933.0,24500.0,0.2438004750593824,2433,44504,stayers
0603900,25.0,71600.0,1030.0,70000.0,1252.5,20450.0,0.1990293358628482,43,393,stayers
0604100,30.0,160300.0,2143.0,146165.0,2988.0,55000.0,0.2073548387096774,28,993,stayers
0604700,15.0,75000.0,1031.5,70000.0,1188.5,21550.0,0.19629999999999997,80,845,stayers
0605300,20.0,92000.0,1560.0,89200.0,1772.0,26800.0,0.21448818897637795,73,1854,stayers
0605500,20.0,109600.0,1800.0,104000.0,2060.0,37000.0,0.22110253105226155,27,755,stayers
0605700,20.0,85000.0,1420.0,76670.0,1580.0,32500.0,0.22416666666666665,17,347,stayers
0605900,25.0,109000.0,1830.0,105000.0,2137.0,30000.0,0.22374323964890502,534,12940,stayers
0606100,20.0,114900.0,1608.0,103000.0,1925.0,37700.0,0.20716800000000002,55,1525,stayers
0606500,25.0,85000.0,1428.0,80600.0,1500.0,24000.0,0.2153366406803685,528,8615,stayers
0606700,24.0,88200.0,1348.0,83600.0,1538.0,29050.0,0.20888888888888887,279,5904,stayers
0607100,20.0,82400.0,1345.0,79700.0,1438.0,22180.0,0.20977494499353894,449,7007,stayers
0607300,20.0,98900.0,1620.0,94200.0,1998.0,30000.0,0.22893930104230537,590,12386,stayers
0607500,30.0,135600.0,1941.5,136000.0,2584.0,50000.0,0.18794988003199148,133,3876,stayers
0607700,20.0,80000.0,1238.0,77200.0,1463.0,24000.0,0.21012087026591458,157,2604,stayers
0607900,15.0,99000.0,1500.0,90920.0,1795.0,32000.0,0.21751296576530893,27,905,stayers
0608100,25.0,151600.0,2534.0,146000.0,2670.0,50000.0,0.19961759082217972,123,3491,stayers
0608300,15.0,97900.0,1703.0,97000.0,1723.0,30000.0,0.21538950715421307,82,1638,stayers
0608500,25.0,152000.0,2346.0,148000.0,2617.5,41600.0,0.19704894083272462,349,8590,stayers
0608700,20.0,125500.0,1786.0,118660.0,2313.0,36000.0,0.21954545454545454,47,1032,stayers
0608900,15.0,73500.0,1119.0,65600.0,1156.0,25000.0,0.1937809187279152,50,661,stayers
0609500,25.0,102000.0,1700.0,100000.0,1813.5,34450.0,0.20834782608695654,76,1787,stayers
0609700,20.0,106900.0,1710.0,99800.0,1880.0,35310.0,0.22002797202797203,72,1930,stayers
0609900,20.0,70500.0,1150.0,69000.0,1292.0,23800.0,0.2075229357798165,131,1651,stayers
0610100,20.0,78500.0,1000.0,73000.0,1378.0,25000.0,0.21112499999999998,49,623,stayers
0610700,15.0,60900.0,900.0,58000.0,1047.0,20000.0,0.1990359748427673,157,1461,stayers
0611100,20.0,105050.0,1878.0,102950.0,2048.0,30855.0,0.21536886540930186,164,3790,stayers
0611300,20.0,108100.0,1360.0,97200.0,1746.0,36000.0,0.2033898305084746,36,742,stayers
0800100,16.0,99680.0,1405.0,86700.0,1455.0,35000.0,0.188448,40,1436,stayers
0800190,23.0,103800.0,1410.0,95100.0,1545.0,38000.0,0.18222636145286997,468,15659,stayers
0800200,20.0,82200.0,1266.0,75400.0,1283.0,35000.0,0.19426747967479674,7,421,stayers
0800400,15.0,93000.0,1400.0,87300.0,1719.5,40000.0,0.21000000000000002,9,324,stayers
0800690,15.0,62000.0,755.0,55400.0,733.0,22000.0,0.16640566353264707,86,1461,stayers
0800900,15.0,78600.0,940.0,68500.0,933.0,30000.0,0.16815426765015806,22,595,stayers
0801000,15.0,71750.0,918.0,62960.0,898.0,26900.0,0.16865454545454545,35,859,stayers
0804100,20.0,86800.0,1240.0,81500.0,1283.0,33200.0,0.18261290322580645,86,2491,stayers
0900100,20.0,137900.0,1510.0,125515.0,2358.0,40000.0,0.20608421052631581,205,4133,stayers
0900300,20.0,105600.0,1130.0,95000.0,1601.0,35000.0,0.18902654867256635,191,3965,stayers
0900500,20.0,106750.0,1079.0,93000.0,1498.0,36100.0,0.18478802992518703,37,1045,stayers
0900700,25.0,112000.0,1220.5,105950.0,1786.0,40000.0,0.19648266357173944,29,738,stayers
0900900,20.0,104200.0,1160.0,90000.0,1648.0,33600.0,0.2024817518248175,163,3358,stayers
0901100,20.0,101000.0,1100.0,92000.0,1510.0,35000.0,0.1887240356083086,55,1294,stayers
0901300,25.0,122000.0,1228.0,110020.0,1542.5,34100.0,0.16795737122557727,20,691,stayers
0901500,25.0,87600.0,1027.0,80000.0,1290.0,30000.0,0.18194285714285713,24,593,stayers
1000100,20.0,98800.0,1200.0,87250.0,1303.0,34000.0,0.16928571428571426,111,2144,stayers
1000200,20.0,80050.0,1178.0,70150.0,997.0,29400.0,0.1739524348810872,22,624,stayers
1000300,20.0,76800.0,1110.0,71500.0,910.0,30000.0,0.16181946169772257,34,921,stayers
1100100,30.0,131700.0,1570.0,116450.0,2080.0,50000.0,0.1926910994764398,188,2903,stayers
1200100,20.0,85000.0,1069.0,68200.0,991.0,27000.0,0.1801846153846154,46,990,stayers
1200500,20.0,65350.0,987.0,60400.0,802.0,24000.0,0.1704807692307692,59,1134,stayers
1200900,20.0,80200.0,1050.0,70000.0,921.0,27550.0,0.1649781984113571,82,1959,stayers
1201100,25.0,82050.0,1400.0,75000.0,1343.0,28000.0,0.21646753246753248,360,7090,stayers
1201500,20.0,64200.0,1100.0,58000.0,810.5,24000.0,0.17689655172413793,15,528,stayers
1201701,20.0,56900.0,900.0,48500.0,550.0,21100.0,0.148,22,319,stayers
1201900,30.0,77600.0,1195.0,73800.0,928.0,29615.0,0.16461100569259962,27,621,stayers
1202100,20.0,88910.0,1230.0,84400.0,1312.0,33000.0,0.1774193548387097,44,1129,stayers
1202300,25.0,62150.0,830.0,55200.0,570.0,19500.0,0.13525032092426187,52,695,stayers
1202790,15.0,55000.0,790.0,49800.0,474.0,19300.0,0.13046153846153846,48,722,stayers
1203100,20.0,75600.0,1080.0,67900.0,1021.0,27000.0,0.1866046511627907,185,3549,stayers
1203300,20.0,76000.0,996.0,65000.0,864.0,25000.0,0.16227903897086643,53,1146,stayers
1203590,20.0,71000.0,1080.0,62800.0,897.0,25000.0,0.17798055347793568,79,2403,stayers
1205301,20.0,56700.0,990.0,52300.0,653.0,22000.0,0.1568181818181818,28,634,stayers
1205700,25.0,80600.0,1141.5,73000.0,1120.0,28100.0,0.18276923076923077,268,5855,stayers
1206100,15.0,80500.0,950.0,68400.0,865.0,27600.0,0.1607142857142857,13,357,stayers
1206300,25.0,63300.0,706.0,57000.0,586.0,19100.0,0.14254618397776092,35,772,stayers
1206900,25.0,68380.0,993.0,61000.0,707.0,24000.0,0.1594160583941606,59,1275,stayers
1207100,25.0,73500.0,1200.0,67800.0,994.0,28000.0,0.18108303249097474,121,2603,stayers
1207300,20.0,85020.0,980.0,75000.0,994.0,30500.0,0.17266666666666666,55,1139,stayers
1208100,20.0,75000.0,1243.0,70000.0,1012.0,29300.0,0.18276923076923077,47,1322,stayers
1208300,20.0,55100.0,890.0,50300.0,654.0,20900.0,0.16404761904761905,74,834,stayers
1208500,20.0,90000.0,1203.5,80000.0,1066.0,30500.0,0.16585714285714287,12,526,stayers
1208690,30.0,70800.0,1400.0,68700.0,1332.0,21660.0,0.23507344028520497,474,10851,stayers
1208900,28.0,85000.0,970.0,78100.0,1020.0,28850.0,0.1482116991643454,9,392,stayers
1209100,15.0,86300.0,1251.0,77000.0,1082.0,30000.0,0.18504672897196262,25,828,stayers
1209500,25.0,76200.0,1242.0,71800.0,1228.0,25000.0,0.19820307692307693,172,4671,stayers
1209700,30.0,68500.0,1306.0,67000.0,1083.0,24450.0,0.20021108179419525,38,949,stayers
1209900,20.0,88300.0,1370.0,78000.0,1303.0,30000.0,0.19883601506333448,244,5724,stayers
1210100,30.0,70000.0,1050.0,62300.0,833.0,25000.0,0.17010526315789473,111,2177,stayers
1210300,20.0,79000.0,1140.0,68000.0,1039.0,29000.0,0.19095243243243243,170,4283,stayers
1210500,20.0,65000.0,985.5,61000.0,821.0,24000.0,0.1659421534936999,103,2523,stayers
1210790,25.0,87900.0,989.0,78000.0,1067.0,28800.0,0.16568181818181818,43,997,stayers
1211100,20.0,68500.0,1214.0,60100.0,921.5,24200.0,0.18960123420511313,42,719,stayers
1211300,25.0,84850.0,1082.5,77650.0,1056.5,30680.0,0.15714285714285714,14,544,stayers
1211500,20.0,79005.0,1390.0,69600.0,928.0,30000.0,0.17764350453172206,50,1484,stayers
1211700,25.0,91000.0,1300.0,83300.0,1307.0,30400.0,0.1788904694167852,85,2009,stayers
1212100,20.0,56000.0,700.0,48320.0,452.0,15100.0,0.1340609441388838,12,274,stayers
1300100,15.0,75000.0,997.0,68600.0,878.0,25000.0,0.15995375722543353,26,527,stayers
1300200,25.0,72000.0,1082.0,65550.0,916.0,27550.0,0.17102137767220904,34,458,stayers
1300300,20.0,74200.0,823.0,63200.0,860.0,25000.0,0.16376025236593061,18,552,stayers
1300400,20.0,80000.0,1039.0,68600.0,1090.0,28100.0,0.18684962406015038,62,1087,stayers
1300500,20.0,51200.0,635.0,46600.0,502.0,15000.0,0.1505689226028209,23,608,stayers
1300600,15.0,75300.0,800.0,60300.0,745.0,23900.0,0.16018285714285713,17,426,stayers
1300700,15.0,57250.0,680.0,48900.0,610.0,20000.0,0.171894851055435,20,528,stayers
1300800,20.0,53800.0,765.0,51365.0,608.0,21975.0,0.1548,20,441,stayers
1300900,15.0,68000.0,850.0,57700.0,1001.5,23000.0,0.18313588850174217,35,428,stayers
1301090,25.0,101800.0,1220.0,88900.0,1443.0,35000.0,0.18094848062904414,302,6592,stayers
1301100,20.0,52900.0,650.0,47800.0,685.0,19000.0,0.1608324661810614,32,553,stayers
1301200,20.0,57600.0,691.0,53600.0,499.0,19500.0,0.13850487958115182,32,575,stayers
1301300,20.0,58200.0,620.0,50200.0,490.0,17800.0,0.14181818181818182,37,648,stayers
1301400,15.0,65675.0,830.0,55900.0,806.0,21100.0,0.17836363636363636,33,523,stayers
1301500,20.0,75500.0,912.0,67400.0,854.0,26800.0,0.15493977533155504,28,447,stayers
1301600,20.0,61200.0,707.0,56000.0,770.5,22300.0,0.16688328029013394,37,611,stayers
1301700,15.0,70000.0,930.0,56700.0,838.0,22000.0,0.18608695652173912,43,673,stayers
1301800,20.0,61550.0,592.0,54500.0,660.0,18200.0,0.16445806451612904,40,670,stayers
1301900,20.0,65900.0,846.5,60030.0,819.0,22600.0,0.15936,26,546,stayers
1302100,25.0,93400.0,1164.0,85500.0,1242.0,33000.0,0.1671496062992126,16,564,stayers
1302200,20.0,60900.0,755.0,55470.0,773.5,20000.0,0.17003389830508475,17,418,stayers
1302300,25.0,68000.0,902.0,60500.0,789.0,23000.0,0.15929515418502205,11,351,stayers
1302400,30.0,120600.0,1339.0,110100.0,1503.0,35000.0,0.1602317909794191,10,480,stayers
1302500,20.0,65700.0,780.0,61000.0,810.0,20600.0,0.1590967741935484,28,618,stayers
1302600,20.0,64004.0,713.0,57000.0,688.0,22000.0,0.1418823529411765,20,654,stayers
1302700,20.0,66600.0,735.0,59000.0,799.5,24000.0,0.1455123113582208,20,389,stayers
1302800,20.0,65500.0,705.0,57000.0,720.0,21605.0,0.15274825174825174,22,673,stayers
1302900,25.0,70000.0,843.0,67600.0,1010.0,25000.0,0.18223728813559323,20,359,stayers
1303000,30.0,108300.0,1290.0,98750.0,1351.0,35700.0,0.15949367088607594,111,3084,stayers
1303100,30.0,96500.0,1303.0,94000.0,1383.0,32210.0,0.16701969322117766,30,865,stayers
1303200,20.0,69500.0,727.0,60400.0,801.0,23350.0,0.16283594536304818,18,528,stayers
1303300,30.0,125000.0,1370.0,117600.0,1709.0,41300.0,0.161003861003861,34,1394,stayers
1303400,20.0,81350.0,1028.0,75300.0,1019.5,29000.0,0.15757408875431855,24,835,stayers
1303500,20.0,61315.0,737.0,56400.0,665.0,21900.0,0.14634146341463417,25,619,stayers
1303600,15.0,75000.0,885.0,58450.0,982.0,23000.0,0.18862170087976543,19,476,stayers
1303700,20.0,77100.0,794.0,69200.0,883.0,26000.0,0.15059602649006623,25,658,stayers
1303800,30.0,80700.0,850.0,75000.0,993.0,27900.0,0.15474114441416892,30,796,stayers
1303900,25.0,76100.0,982.5,73160.0,969.0,25000.0,0.16304645849200305,16,553,stayers
1304000,20.0,62500.0,900.0,51100.0,750.0,22550.0,0.1791111111111111,40,651,stayers
1304007,30.0,89000.0,1300.0,83250.0,1305.0,30000.0,0.1814486921529175,108,3100,stayers
1304100,20.0,102615.0,1240.0,94950.0,1201.0,36000.0,0.13925558312655087,21,498,stayers
1304200,20.0,60950.0,589.0,52600.0,578.0,19750.0,0.14883720930232558,22,606,stayers
1304300,30.0,76000.0,1148.0,70000.0,1038.0,26000.0,0.1773543394140409,27,619,stayers
1304400,30.0,79000.0,1075.0,73000.0,1036.0,29000.0,0.16061538461538463,18,396,stayers
1304500,30.0,90105.0,1112.5,84000.0,1143.0,31020.0,0.15218181818181817,21,528,stayers
1305000,30.0,58900.0,1005.0,55600.0,912.5,22600.0,0.19061946902654867,60,916,stayers
1306000,30.0,89600.0,1184.0,85000.0,1122.0,32000.0,0.1607514450867052,29,705,stayers
1600190,15.0,65050.0,880.0,60700.0,900.0,25000.0,0.17073170731707316,42,1095,stayers
1600300,15.0,61500.0,700.0,56430.0,628.0,24050.0,0.15105511420059584,20,543,stayers
1600490,17.5,75365.0,950.0,68030.0,1013.0,27450.0,0.16948051948051948,81,2068,stayers
1600900,15.0,68950.0,723.0,60450.0,820.0,26900.0,0.1437762237762238,8,384,stayers
1601000,15.0,60000.0,790.0,59000.0,817.0,25200.0,0.15416240208877285,17,515,stayers
1601190,15.0,65950.0,697.0,63000.0,755.5,24000.0,0.14259194395796848,31,1028,stayers
1601200,15.0,83360.0,898.0,77050.0,1003.0,27000.0,0.14361702127659576,13,402,stayers
1700104,15.0,72000.0,708.5,62000.0,803.0,26000.0,0.15925465838509317,28,757,stayers
1700105,15.0,81000.0,763.5,68100.0,909.0,30000.0,0.1598614889933218,20,607,stayers
1700202,20.0,70250.0,723.0,61750.0,657.0,27700.0,0.13945945945945945,41,1107,stayers
1700300,20.0,65000.0,694.0,61030.0,718.0,27600.0,0.15105,23,695,stayers
1700401,20.0,67150.0,702.0,60500.0,703.0,24550.0,0.14407547169811322,42,914,stayers
1700501,17.0,77600.0,664.0,68600.0,758.0,26400.0,0.1366922234392114,32,950,stayers
1700600,15.0,68000.0,650.0,61000.0,693.0,25650.0,0.13818181818181818,24,542,stayers
1700700,15.0,62100.0,590.0,56000.0,600.0,24600.0,0.1368739829493701,26,627,stayers
1700800,20.0,62600.0,605.0,57300.0,603.0,22700.0,0.1419895287958115,30,752,stayers
1700900,20.0,62000.0,740.0,54100.0,664.0,22000.0,0.15065830721003134,58,847,stayers
1701001,20.0,73890.0,710.0,67600.0,795.0,27700.0,0.14162310866574965,46,1074,stayers
1701100,20.0,83400.0,913.0,72300.0,944.0,30000.0,0.1668937875751503,30,795,stayers
1701200,25.0,81000.0,875.0,73000.0,990.0,30000.0,0.1572579365079365,52,952,stayers
1701300,15.0,91030.0,842.0,78000.0,954.0,35000.0,0.14892116767733748,35,922,stayers
1701500,15.0,72000.0,742.0,61890.0,726.5,27000.0,0.1466875,25,482,stayers
1701602,20.0,71320.0,707.5,64000.0,722.0,27200.0,0.13989807692307693,50,1060,stayers
1701701,15.0,78600.0,785.0,70380.0,930.0,29200.0,0.16418309859154928,40,767,stayers
1701900,20.0,76500.0,714.0,69200.0,900.0,28200.0,0.16026923076923077,25,610,stayers
1702000,15.0,89350.0,877.0,76400.0,1090.0,31400.0,0.15997959183673469,28,898,stayers
1702100,15.0,90600.0,831.0,72100.0,1065.0,30000.0,0.16977391304347828,22,776,stayers
1702200,20.0,70200.0,710.0,61750.0,720.0,25000.0,0.14504545454545453,47,1021,stayers
1702300,20.0,83600.0,921.0,68900.0,1033.5,25000.0,0.17946957878315134,29,544,stayers
1702400,20.0,80000.0,750.0,67600.0,882.0,29000.0,0.1638888888888889,19,603,stayers
1702501,20.0,76800.0,700.0,69000.0,772.0,27600.0,0.14124590163934428,39,1159,stayers
1702601,20.0,90010.0,970.0,78000.0,1378.0,30000.0,0.1867479674796748,17,477,stayers
1702700,20.0,69750.0,730.0,64210.0,791.0,27250.0,0.1534,30,538,stayers
1702890,20.0,77000.0,820.0,68000.0,947.0,27700.0,0.16353846153846152,62,1227,stayers
1703000,25.0,101000.0,1259.0,97400.0,1500.0,32000.0,0.18839999999999998,59,1739,stayers
1703100,30.0,105000.0,1160.0,100000.0,1512.0,35000.0,0.18109090909090908,124,2798,stayers
1703200,25.0,124125.0,1408.5,115000.0,1768.0,40000.0,0.18118681318681318,148,4378,stayers
1703300,30.0,119500.0,1263.0,111000.0,1770.0,38000.0,0.1869340232858991,119,2943,stayers
1703400,30.0,92000.0,1130.0,82600.0,1503.0,30000.0,0.20112883435582823,993,17725,stayers
1703600,25.0,105750.0,1170.0,101000.0,1562.5,37100.0,0.1880760315896126,54,1332,stayers
1703700,30.0,88000.0,1010.0,85000.0,1382.0,36000.0,0.176,28,539,stayers
1800100,25.0,80590.0,852.0,70000.0,947.0,27200.0,0.1604776119402985,79,1692,stayers
1800200,25.0,92000.0,1080.0,87490.0,1098.0,32000.0,0.15360000000000001,28,661,stayers
1800300,20.0,76300.0,800.0,70000.0,845.0,24900.0,0.14971387046961576,17,484,stayers
1800400,20.0,77000.0,788.5,66900.0,823.0,27500.0,0.1435668337498856,36,1236,stayers
1800500,15.0,77500.0,820.0,70340.0,937.0,28100.0,0.15302535211267607,37,722,stayers
1800600,18.0,75400.0,760.0,68700.0,787.5,28000.0,0.1414965986394558,24,848,stayers
1800700,20.0,62300.0,720.0,59400.0,746.0,25000.0,0.15044776119402986,21,545,stayers
1800800,15.0,81200.0,780.0,70300.0,819.0,27000.0,0.14513513513513512,19,671,stayers
1800900,20.0,70200.0,735.0,65000.0,813.0,28300.0,0.1405672009864365,16,724,stayers
1801000,20.0,73000.0,785.0,65000.0,772.0,28000.0,0.14838709677419354,55,1539,stayers
1801100,20.0,67900.0,727.0,60300.0,750.0,25450.0,0.14580121703853954,29,787,stayers
1801200,15.0,84000.0,899.0,73000.0,932.5,25000.0,0.15399126452228962,24,654,stayers
1801300,15.0,73000.0,720.0,66400.0,715.0,29000.0,0.13454748603351957,27,606,stayers
1801400,15.0,63000.0,696.0,56710.0,686.0,21000.0,0.1461768082663605,33,669,stayers
1801500,20.0,65000.0,735.0,59050.0,650.0,23500.0,0.14108108108108108,22,603,stayers
1801600,23.0,64910.0,725.0,60000.0,694.0,25000.0,0.138,19,624,stayers
1801700,15.0,66050.0,750.0,59800.0,775.0,25000.0,0.15460852329038652,16,380,stayers
1801800,20.0,114000.0,1127.0,107700.0,1305.0,43000.0,0.14694516971279373,34,1283,stayers
1801900,20.0,66100.0,790.0,60000.0,792.5,25000.0,0.15348837209302324,15,565,stayers
1802000,15.0,62425.0,800.0,55500.0,683.0,25005.0,0.1487651331719128,17,418,stayers
1802100,30.0,73000.0,760.0,68900.0,875.0,25875.0,0.1549367088607595,17,482,stayers
1802200,25.0,92000.0,966.0,88000.0,1105.0,33300.0,0.1468648867313916,11,536,stayers
1802300,20.0,73000.0,903.0,65000.0,960.0,30000.0,0.1720642223525184,160,3122,stayers
1802400,20.0,80020.0,920.0,76100.0,1003.0,30000.0,0.15733333333333333,18,442,stayers
1802500,22.0,78750.0,822.0,73000.0,971.0,30600.0,0.15666153846153846,10,438,stayers
1802600,20.0,59650.0,700.0,56000.0,745.0,24300.0,0.16244787916044612,25,532,stayers
1802700,20.0,64000.0,610.0,58900.0,662.0,26000.0,0.13333333333333333,20,739,stayers
1802800,15.0,83000.0,920.0,65000.0,984.0,20300.0,0.1734,27,467,stayers
1802900,15.0,73700.0,821.0,65800.0,841.0,26200.0,0.15083916083916082,8,511,stayers
1803000,15.0,62400.0,850.0,60000.0,840.0,22315.0,0.15785714285714286,17,383,stayers
1803100,25.0,77300.0,774.5,69000.0,883.0,27700.0,0.15133004926108376,14,574,stayers
1803200,20.0,80000.0,708.0,74400.0,818.0,30000.0,0.13714285714285715,20,602,stayers
1803300,15.0,75000.0,786.0,63000.0,830.0,26000.0,0.16850094876660343,30,651,stayers
1803400,20.0,67000.0,700.0,60400.0,659.0,27000.0,0.13337704918032786,25,757,stayers
1803500,25.0,79000.0,823.0,72000.0,889.0,31000.0,0.1529573919817822,24,669,stayers
1803600,20.0,80000.0,909.0,72450.0,930.0,30250.0,0.14735671883432272,14,469,stayers
1900100,10.0,75700.0,656.0,65950.0,673.0,30000.0,0.13694323144104803,17,646,stayers
1900200,15.0,73000.0,583.5,62000.0,650.5,29000.0,0.13791216216216215,11,642,stayers
1900400,15.0,79600.0,676.0,69350.0,781.0,31000.0,0.14990797546012272,11,751,stayers
1900500,15.0,77400.0,795.5,71760.0,902.0,30000.0,0.1657142857142857,16,422,stayers
1900600,15.0,75210.0,650.0,66200.0,700.0,30000.0,0.1368,33,820,stayers
1900700,15.0,80000.0,700.0,72110.0,841.0,30000.0,0.14782865583456425,13,783,stayers
1900800,20.0,76550.0,740.0,67000.0,885.0,30000.0,0.15697133956386294,17,533,stayers
1900900,15.0,88500.0,782.0,72900.0,939.0,30200.0,0.16319999999999998,15,542,stayers
1901000,15.0,85210.0,690.0,77400.0,1117.0,32300.0,0.16898092369477913,27,730,stayers
1901100,15.0,94000.0,912.5,82560.0,1292.0,32610.0,0.17668711656441718,9,417,stayers
1901200,20.0,74000.0,717.0,68900.0,877.0,31200.0,0.15133333333333332,16,663,stayers
1901300,15.0,85000.0,885.0,76800.0,1047.0,32400.0,0.16669411764705883,17,479,stayers
1901490,20.0,88000.0,878.0,80000.0,1088.0,35000.0,0.15943995244975967,50,2187,stayers
1901800,18.0,65300.0,680.0,55000.0,695.0,25500.0,0.15453658536585366,20,662,stayers
1901900,15.0,75800.0,620.0,66500.0,614.0,31050.0,0.1249740932642487,17,872,stayers
1902000,15.0,80600.0,755.0,75000.0,891.0,30000.0,0.14136416184971098,16,523,stayers
1902100,17.5,73000.0,770.0,65000.0,770.0,30000.0,0.14745765411777198,35,967,stayers
1902200,15.0,71000.0,678.0,60050.0,743.5,25100.0,0.14912854251012148,19,586,stayers
1902300,15.0,72400.0,680.0,63600.0,781.0,27500.0,0.1488,17,471,stayers
2000100,8.0,65540.0,637.0,59000.0,579.0,25000.0,0.14029699651381067,15,765,stayers
2000200,15.0,69300.0,717.5,60000.0,666.0,27000.0,0.14855598455598457,16,889,stayers
2000300,14.0,80000.0,938.0,72500.0,1039.5,23000.0,0.17129692832764504,15,484,stayers
2000400,20.0,85000.0,875.0,72600.0,932.0,26500.0,0.17075098814229248,13,471,stayers
2000500,20.0,66500.0,937.0,62400.0,909.5,25000.0,0.18155529477941246,25,541,stayers
2000600,20.0,119000.0,1145.0,107750.0,1501.0,42345.0,0.16609567535545022,49,2086,stayers
2000700,20.0,102000.0,1040.0,93000.0,1234.0,31000.0,0.16746666666666668,12,323,stayers
2000800,15.0,77000.0,845.0,65000.0,907.0,30000.0,0.16473007712082263,27,969,stayers
2000990,15.0,62800.0,667.5,54320.0,628.0,24500.0,0.14640522875816991,47,1380,stayers
2001000,15.0,71000.0,726.0,64250.0,701.0,26000.0,0.1456551724137931,12,474,stayers
2001200,10.0,70000.0,740.0,65000.0,770.0,28000.0,0.1507618515700983,15,587,stayers
2001300,15.0,80900.0,833.0,71500.0,988.5,29500.0,0.1655206611570248,72,1950,stayers
2001400,20.0,66300.0,740.0,61700.0,804.0,25000.0,0.16775,20,505,stayers
2001500,15.0,65000.0,705.0,54500.0,643.0,24000.0,0.1523438596491228,21,566,stayers
2100100,15.0,63000.0,657.0,54100.0,584.0,22950.0,0.14758842443729903,24,689,stayers
2100200,20.0,56200.0,660.0,50400.0,621.0,22000.0,0.14931297709923663,25,397,stayers
2100300,15.0,64000.0,846.5,57500.0,670.0,24000.0,0.14817391304347827,17,360,stayers
2100400,20.0,55950.0,620.0,50000.0,591.0,20500.0,0.1535418548762535,22,627,stayers
2100500,15.0,78600.0,900.0,66000.0,852.0,27000.0,0.17113846153846152,9,390,stayers
2100600,15.0,50850.0,538.0,43950.0,483.5,18000.0,0.13065168539325844,21,368,stayers
2100700,15.0,55850.0,615.0,49200.0,461.0,20000.0,0.13494,12,300,stayers
2100800,15.0,45800.0,635.0,41900.0,468.0,17000.0,0.16285714285714287,18,316,stayers
2100900,15.0,44800.0,560.0,40700.0,455.0,15500.0,0.1564559298569451,27,327,stayers
2101000,20.0,45900.0,570.0,41000.0,394.0,15100.0,0.13322312824314309,32,295,stayers
2101100,20.0,46600.0,680.0,41600.0,478.5,16000.0,0.14465753424657535,17,392,stayers
2101290,20.0,68100.0,783.0,60600.0,750.0,24000.0,0.14757580153779196,38,952,stayers
2101400,20.0,58700.0,750.0,49800.0,646.0,20300.0,0.14843478260869564,22,433,stayers
2101500,15.0,78380.0,812.5,64400.0,819.0,24000.0,0.1496923076923077,13,451,stayers
2101690,25.0,86000.0,820.0,80300.0,1043.0,30350.0,0.15618,39,1110,stayers
2101700,20.0,86200.0,925.0,76000.0,1068.0,32200.0,0.15975,119,3472,stayers
2101900,20.0,90000.0,903.0,75000.0,1093.0,33000.0,0.16477714285714287,35,1220,stayers
2102000,20.0,88000.0,750.0,74300.0,990.0,30000.0,0.1595693135935397,12,461,stayers
2102100,20.0,65000.0,783.0,62450.0,837.0,21500.0,0.16368,19,439,stayers
2102200,20.0,70100.0,750.0,63100.0,775.0,23850.0,0.14690265486725662,22,413,stayers
2102300,20.0,73000.0,830.0,68250.0,893.0,26200.0,0.1512064343163539,27,580,stayers
2102400,20.0,80000.0,823.0,70000.0,963.0,32000.0,0.1537058823529412,25,664,stayers
2102500,20.0,101800.0,930.0,100000.0,1205.0,38000.0,0.14368421052631578,10,425,stayers
2102600,20.0,73920.0,832.0,67850.0,932.0,27000.0,0.16111764705882353,26,707,stayers
2102700,20.0,55000.0,637.0,48500.0,525.0,17000.0,0.14946923076923074,27,528,stayers
2102800,20.0,60050.0,691.5,52350.0,608.0,18000.0,0.15323076923076923,25,420,stayers
2200100,19.5,64055.0,850.0,53600.0,691.0,21400.0,0.16693899204244034,46,781,stayers
2200200,20.0,64400.0,812.0,53500.0,624.0,21350.0,0.15825164835164834,34,535,stayers
2200300,20.0,53100.0,700.0,44400.0,485.0,18000.0,0.14,52,717,stayers
2200400,15.0,72600.0,832.5,55000.0,735.0,21000.0,0.16993406593406593,33,491,stayers
2200500,15.0,49000.0,611.0,42000.0,381.0,15550.0,0.12772,31,558,stayers
2200600,20.0,57505.0,660.0,49800.0,509.0,19000.0,0.13299363057324842,16,484,stayers
2200700,15.0,66600.0,856.0,59580.0,582.0,24000.0,0.14827826086956522,55,771,stayers
2200890,15.0,70000.0,776.5,62000.0,568.0,23200.0,0.12672,40,990,stayers
2201000,20.0,48200.0,632.0,41900.0,397.0,18000.0,0.1432183908045977,24,370,stayers
2201100,20.0,65000.0,755.0,58000.0,527.0,20100.0,0.1272093023255814,30,399,stayers
2201200,20.0,73950.0,882.0,65000.0,895.5,25000.0,0.16221818181818182,29,714,stayers
2201300,15.0,55500.0,770.0,49850.0,613.5,19200.0,0.1566896551724138,35,540,stayers
2201400,25.0,68000.0,770.0,61550.0,552.0,18900.0,0.12666666666666668,30,425,stayers
2201500,20.0,81650.0,900.0,67050.0,901.5,26330.0,0.15877437325905291,52,1315,stayers
2201600,26.5,95000.0,950.0,91000.0,1018.0,37000.0,0.12580783845402238,17,345,stayers
2201700,30.0,80000.0,1007.5,74300.0,751.0,30000.0,0.12233823529411764,16,385,stayers
2201800,20.0,54400.0,800.0,47400.0,635.0,18000.0,0.1631648936170213,35,443,stayers
2201900,25.0,85000.0,950.0,79700.0,833.0,27600.0,0.12661312655774024,15,418,stayers
2202000,20.0,73025.0,800.0,63160.0,525.0,24000.0,0.13137362637362637,29,449,stayers
2202100,20.0,63500.0,923.0,61050.0,564.0,23600.0,0.1284,22,268,stayers
2202200,25.0,84000.0,1210.0,75000.0,1119.0,28000.0,0.16858809801633606,33,862,stayers
2202390,20.0,76700.0,978.0,66100.0,849.0,27000.0,0.16,90,2021,stayers
2202400,20.0,81000.0,1045.0,59400.0,1175.0,25000.0,0.22888984140591512,119,1928,stayers
2300100,15.0,58000.0,530.0,50950.0,603.0,21000.0,0.14828571428571427,27,663,stayers
2300200,20.0,55800.0,820.0,51500.0,667.0,23000.0,0.15618090452261307,32,736,stayers
2300300,20.0,61100.0,750.0,54670.0,717.0,22000.0,0.15623893805309735,26,592,stayers
2300400,20.0,75180.0,746.5,65000.0,838.0,27700.0,0.16013955516790232,12,414,stayers
2300500,20.0,72000.0,830.0,65000.0,846.0,27000.0,0.15828404761101933,30,941,stayers
2300600,20.0,70200.0,835.0,66000.0,931.0,28500.0,0.181009352189781,18,300,stayers
2300790,20.0,90900.0,1100.0,83000.0,1231.5,33000.0,0.18,32,1709,stayers
2400100,15.0,62000.0,700.0,53150.0,736.0,21050.0,0.15295938104448742,33,540,stayers
2400200,20.0,84000.0,950.0,79000.0,1079.5,28000.0,0.16873804971319312,27,624,stayers
2400300,30.0,119880.0,1383.0,112750.0,1730.5,40000.0,0.17590132827324478,47,1385,stayers
2400400,30.0,120180.0,1337.0,113000.0,1599.0,39000.0,0.16811735941320294,12,893,stayers
2400500,25.0,105000.0,1310.0,96400.0,1478.0,36370.0,0.17539491525423728,174,3658,stayers
2400600,30.0,110600.0,1175.0,104000.0,1564.0,40000.0,0.173104473100947,30,1085,stayers
2400700,30.0,96200.0,1070.0,86500.0,1405.0,34700.0,0.1776833976833977,15,392,stayers
2400800,25.0,79430.0,1130.0,69000.0,1161.5,27750.0,0.1940712765957447,137,2163,stayers
2400900,30.0,165000.0,1760.0,158000.0,2240.0,60000.0,0.16950336910406788,41,1354,stayers
2401000,30.0,158000.0,1750.0,145300.0,2185.0,54000.0,0.175609756097561,145,4945,stayers
2401100,30.0,112000.0,1517.0,103000.0,1818.0,37000.0,0.2021,234,3904,stayers
2401200,30.0,126000.0,1716.5,116000.0,1821.0,41300.0,0.17823529411764705,77,2103,stayers
2401300,25.0,84000.0,1133.0,79000.0,1166.0,30800.0,0.19595029330040137,37,942,stayers
2401400,20.0,74530.0,995.0,70700.0,1061.0,26700.0,0.18032967032967034,42,689,stayers
2401500,30.0,126200.0,1300.0,120000.0,1828.0,40000.0,0.17133727810650887,17,767,stayers
2401600,45.0,114700.0,1740.0,112640.0,1820.5,40000.0,0.19492642793101628,24,634,stayers
2500100,20.0,83000.0,930.0,73700.0,1093.0,31500.0,0.17771457592686643,28,791,stayers
2500290,20.0,90000.0,975.0,79050.0,1326.0,30000.0,0.18912574850299402,139,3363,stayers
2500390,27.0,120600.0,1360.0,109700.0,1900.0,37005.0,0.19505454545454548,847,22682,stayers
2503300,30.0,101000.0,1700.0,93000.0,2000.0,30500.0,0.2265230769230769,188,3319,stayers
2504790,15.0,99850.0,1460.0,88315.0,1586.0,35000.0,0.20990222222222224,36,1051,stayers
2600100,15.0,64000.0,622.0,57200.0,655.0,25000.0,0.14290322132740904,38,932,stayers
2600200,15.0,65000.0,625.0,58460.0,696.0,25000.0,0.15109883720930234,39,818,stayers
2600300,17.0,60000.0,766.5,54000.0,673.0,23800.0,0.150467706013363,53,869,stayers
2600400,17.0,64670.0,825.0,59225.0,806.0,25900.0,0.1621978021978022,47,1166,stayers
2600500,20.0,75800.0,890.0,67400.0,934.0,27300.0,0.1607874272208451,22,748,stayers
2600600,20.0,60450.0,780.0,55000.0,716.0,24000.0,0.1582909090909091,30,819,stayers
2600700,20.0,67900.0,810.0,61650.0,769.0,24000.0,0.15109090909090908,18,648,stayers
2600800,20.0,93500.0,850.0,88300.0,1094.0,32000.0,0.1513939393939394,25,993,stayers
2600900,20.0,72500.0,878.0,67200.0,950.0,28800.0,0.15795812807881776,15,488,stayers
2601000,20.0,83000.0,900.0,75705.0,1025.0,30000.0,0.16230735404732974,78,2004,stayers
2601100,20.0,63600.0,770.0,60000.0,734.0,24000.0,0.15280135823429541,43,1159,stayers
2601200,15.0,64250.0,730.0,55530.0,751.0,21150.0,0.1690909090909091,37,782,stayers
2601300,20.0,53850.0,670.0,49600.0,670.0,22000.0,0.15905271226415096,37,691,stayers
2601400,20.0,72300.0,665.0,65000.0,840.0,26900.0,0.15039890109890108,21,722,stayers
2601500,20.0,65000.0,816.5,59400.0,770.0,24400.0,0.15656199095022624,32,711,stayers
2601600,20.0,62000.0,665.5,55455.0,696.5,23000.0,0.1551006451612903,61,1065,stayers
2601700,20.0,73000.0,782.0,68000.0,881.0,26000.0,0.1575,119,1946,stayers
2601800,15.0,86800.0,926.5,75000.0,1090.0,27000.0,0.16287958115183246,47,964,stayers
2601900,20.0,82000.0,880.0,77100.0,1010.0,34000.0,0.15323878343399483,22,922,stayers
2602000,20.0,70060.0,760.0,63300.0,835.0,26350.0,0.16416,37,798,stayers
2602100,15.0,80800.0,841.0,68600.0,980.0,29900.0,0.17065384615384616,41,833,stayers
2602200,15.0,64750.0,750.0,61800.0,775.5,25400.0,0.15534881956954585,21,583,stayers
2602300,20.0,72000.0,750.0,66500.0,817.0,25500.0,0.1597911227154047,29,559,stayers
2602400,15.0,79950.0,760.0,69100.0,905.0,27590.0,0.15472,21,651,stayers
2602500,20.0,70800.0,796.0,62100.0,850.5,25000.0,0.16514018691588786,22,777,stayers
2602600,16.0,66000.0,825.0,60440.0,801.0,22850.0,0.1748314606741573,25,502,stayers
2602700,20.0,114000.0,1150.0,95200.0,1377.0,38500.0,0.16727272727272727,36,1257,stayers
2602800,30.0,102300.0,1082.0,98000.0,1356.0,38110.0,0.15542521994134897,19,975,stayers
2602900,25.0,115000.0,1130.0,100000.0,1372.0,38000.0,0.16146337173511566,158,4619,stayers
2603000,25.0,80600.0,970.0,72700.0,1011.0,29000.0,0.16870588235294118,109,2789,stayers
2603100,25.0,79400.0,834.0,73000.0,909.0,27000.0,0.1619047619047619,31,679,stayers
2603200,20.0,71750.0,910.0,61300.0,879.0,24760.0,0.17852307692307692,355,4913,stayers
2603300,20.0,80000.0,880.0,73900.0,946.0,30000.0,0.1545974025974026,23,532,stayers
2700100,15.0,83300.0,760.0,74900.0,831.0,34100.0,0.15325,25,1121,stayers
2700200,20.0,70000.0,708.0,64100.0,882.0,27500.0,0.16886227544910182,39,893,stayers
2700390,20.0,72000.0,790.0,65000.0,832.5,27975.0,0.15933860531991373,81,1892,stayers
2700600,25.0,75300.0,870.0,69100.0,1088.0,30000.0,0.17793048780487805,32,1012,stayers
2700700,20.0,66900.0,680.0,63300.0,859.0,27200.0,0.1707258632840028,40,1018,stayers
2700800,15.0,74100.0,767.0,69000.0,848.0,30000.0,0.1513774319066148,31,1362,stayers
2700900,15.0,84850.0,770.0,79000.0,1043.0,31400.0,0.15690596369922213,14,775,stayers
2701000,25.0,94600.0,820.0,91630.0,1300.0,36000.0,0.1634221158958001,18,461,stayers
2701100,25.0,100000.0,1180.0,94300.0,1346.0,37500.0,0.16024183004833736,35,1035,stayers
2701200,25.0,118030.0,1166.5,108000.0,1590.0,41950.0,0.16948051948051948,15,750,stayers
2701300,20.0,93000.0,1041.0,85000.0,1311.0,32000.0,0.17902825085153273,50,1385,stayers
2701400,20.0,107570.0,1155.0,94000.0,1454.0,40000.0,0.17592014971927636,105,3282,stayers
2701500,20.0,112000.0,1290.0,102500.0,1421.0,40550.0,0.16522548028311423,26,1266,stayers
2701690,25.0,123000.0,1209.0,117900.0,1715.0,42665.0,0.17303267372296363,12,854,stayers
2701800,25.0,104400.0,970.0,98080.0,1412.0,40000.0,0.16601123595505618,7,477,stayers
2701900,15.0,86500.0,858.0,80000.0,968.0,35000.0,0.1588826815642458,23,1080,stayers
2702000,15.0,83000.0,607.5,73000.0,795.0,32000.0,0.13866279069767443,22,956,stayers
2702100,15.0,78000.0,650.0,69500.0,683.0,30500.0,0.13187755102040816,18,1067,stayers
2702200,15.0,89940.0,910.0,83700.0,1009.0,34000.0,0.15902506963788302,8,710,stayers
2702300,20.0,91500.0,985.0,83000.0,1184.0,33550.0,0.17627397260273972,28,804,stayers
2702400,20.0,78100.0,640.0,73000.0,910.5,33000.0,0.1587281399046105,18,870,stayers
2702500,15.0,106200.0,1060.0,98910.0,1249.0,40000.0,0.15286914698963144,9,555,stayers
2702600,20.0,86300.0,730.0,77000.0,929.5,34060.0,0.15529411764705883,26,931,stayers
2800100,25.0,81000.0,1014.5,77000.0,959.0,30000.0,0.15339130434782608,36,722,stayers
2800200,20.0,60000.0,617.0,51000.0,480.0,22000.0,0.1266,32,519,stayers
2800300,20.0,54400.0,612.0,45700.0,573.0,18000.0,0.16147540983606556,37,419,stayers
2800400,20.0,59750.0,690.0,53100.0,625.0,21850.0,0.15107058326289097,26,644,stayers
2800500,20.0,63000.0,810.0,58510.0,694.0,25000.0,0.14591260325073274,31,618,stayers
2800600,17.5,66500.0,750.0,51000.0,583.0,22000.0,0.15802409638554218,28,667,stayers
2800700,15.0,51200.0,603.0,44100.0,528.0,17450.0,0.15915254237288137,30,402,stayers
2800800,15.0,54000.0,672.0,47000.0,553.0,16000.0,0.16296296296296298,42,493,stayers
2800990,20.0,71600.0,833.0,62875.0,855.0,23300.0,0.16250244379276635,90,1652,stayers
2801300,25.0,80700.0,965.0,72200.0,831.5,28400.0,0.14050314465408806,21,615,stayers
2801400,20.0,54000.0,645.0,47400.0,505.0,18200.0,0.13854545454545455,28,464,stayers
2801500,20.0,59100.0,760.0,50000.0,608.0,19900.0,0.1580182529335072,24,408,stayers
2801600,15.0,52000.0,710.0,45000.0,473.0,16600.0,0.1577326060480423,25,529,stayers
2801700,20.0,61110.0,690.0,54150.0,494.0,17960.0,0.14153846153846156,18,355,stayers
2801800,15.0,64900.0,820.0,58500.0,677.0,21000.0,0.15251612903225806,19,536,stayers
2801900,25.0,60000.0,787.0,55000.0,604.0,21600.0,0.1464705882352941,23,319,stayers
2802000,20.0,69500.0,890.0,61200.0,782.0,24000.0,0.1582532751091703,40,595,stayers
2802100,20.0,69800.0,857.0,60000.0,674.0,23000.0,0.15301578947368422,36,395,stayers
2900100,20.0,57530.0,660.5,52000.0,600.0,23100.0,0.14860551918252463,31,959,stayers
2900200,15.0,71000.0,771.0,63500.0,756.0,25550.0,0.14458064516129032,19,561,stayers
2900300,20.0,59380.0,626.0,53000.0,624.0,22000.0,0.14244377301155797,20,807,stayers
2900400,25.0,66400.0,800.0,60300.0,779.0,24400.0,0.1521311475409836,30,630,stayers
2900500,20.0,76000.0,701.0,69700.0,795.0,27000.0,0.14464589235127479,15,669,stayers
2900600,15.0,85000.0,900.0,72000.0,1088.0,28850.0,0.1794392523364486,6,546,stayers
2900700,15.0,66710.0,673.0,60000.0,617.0,24050.0,0.13231441048034934,23,948,stayers
2900800,25.0,71050.0,773.0,63850.0,750.0,27000.0,0.154,26,780,stayers
2900900,20.0,96750.0,1000.0,87000.0,1248.0,37000.0,0.1662,48,1310,stayers
2901000,20.0,78475.0,938.0,70350.0,1021.5,30000.0,0.17165562913907284,98,2515,stayers
2901100,30.0,81350.0,815.0,73700.0,940.0,29100.0,0.1570053475935829,18,599,stayers
2901200,20.0,53400.0,690.0,48000.0,617.0,20600.0,0.15737704918032785,24,584,stayers
2901300,20.0,55500.0,720.0,47600.0,650.0,20950.0,0.15835777126099707,9,384,stayers
2901400,20.0,53600.0,780.0,50300.0,688.0,22000.0,0.1784854368932039,24,435,stayers
2901500,15.0,56900.0,627.0,50300.0,625.0,24000.0,0.1528,15,411,stayers
2901600,25.0,72100.0,705.0,67850.0,809.0,28800.0,0.1494366998577525,6,368,stayers
2901700,20.0,105000.0,1101.0,96600.0,1322.0,37600.0,0.15308929379620162,57,1589,stayers
2901800,20.0,103000.0,963.0,87200.0,1237.0,35000.0,0.16276431150077358,104,3485,stayers
2901900,20.0,77200.0,880.0,58000.0,990.0,28500.0,0.1869060936120106,59,968,stayers
2902000,30.0,78000.0,860.0,75000.0,979.0,30500.0,0.14897741474895584,28,767,stayers
2902100,20.0,62600.0,750.0,56500.0,710.0,20050.0,0.15680981595092025,18,441,stayers
2902200,15.0,60300.0,780.0,54060.0,710.0,20500.0,0.1650909090909091,13,473,stayers
2902300,15.0,50700.0,615.0,46000.0,540.0,20000.0,0.1568780487804878,27,450,stayers
2902400,20.0,53700.0,590.0,43300.0,513.5,18100.0,0.15700805523590333,19,389,stayers
2902500,20.0,47500.0,650.0,42200.0,549.0,18000.0,0.16037914691943128,26,449,stayers
2902600,20.0,65000.0,763.0,58000.0,847.0,23450.0,0.1677380161366872,56,1350,stayers
2902700,20.0,54400.0,730.0,51000.0,653.0,22000.0,0.15889156626506024,27,559,stayers
2902800,15.0,61900.0,755.0,56700.0,732.0,23100.0,0.15883211678832118,11,717,stayers
3000100,15.0,66240.0,700.0,59200.0,983.0,26100.0,0.16153846153846155,23,398,stayers
3000200,15.0,64000.0,820.0,59700.0,821.5,25000.0,0.17365714285714284,28,669,stayers
3000300,15.0,73890.0,750.0,65000.0,873.0,28800.0,0.16973684210526316,21,578,stayers
3000400,15.0,62800.0,690.0,59530.0,661.0,26000.0,0.15177065767284992,18,713,stayers
3000500,15.0,84000.0,1060.0,79550.0,980.0,32800.0,0.15150000000000002,12,672,stayers
3000690,14.5,75000.0,735.0,64000.0,665.0,27040.0,0.1477130044843049,35,1103,stayers
3100100,10.0,61300.0,694.0,53400.0,628.0,25000.0,0.15046153846153845,17,495,stayers
3100200,15.0,72000.0,700.0,65000.0,666.0,29600.0,0.13436417910447762,30,1144,stayers
3100300,15.0,69100.0,700.5,60000.0,731.0,27400.0,0.142,12,589,stayers
3100400,10.0,66600.0,667.0,60000.0,672.0,27890.0,0.14727272727272728,17,565,stayers
3100500,15.0,70600.0,746.0,61000.0,759.0,28000.0,0.15659574468085108,17,656,stayers
3100600,15.0,75900.0,700.0,66520.0,669.0,30000.0,0.13604255319148936,19,944,stayers
3100701,20.0,80000.0,750.0,75000.0,1002.5,32500.0,0.16672268907563026,17,554,stayers
3100702,20.0,98200.0,1057.0,93000.0,1383.0,36200.0,0.1757003267003267,11,611,stayers
3100800,15.0,90800.0,890.0,80000.0,1122.0,34825.0,0.1688495575221239,21,1011,stayers
3100900,15.0,88800.0,968.5,83000.0,1243.0,34000.0,0.17590465872156014,59,1809,stayers
3200100,20.0,92000.0,1100.0,83000.0,1256.0,32900.0,0.18014516129032257,66,1876,stayers
3200200,20.0,80000.0,1010.0,70000.0,1037.0,29000.0,0.17869394583530152,44,695,stayers
3200300,15.0,71000.0,820.0,63625.0,597.5,24050.0,0.14366197183098592,34,546,stayers
3200400,20.0,78200.0,1160.0,72300.0,1217.0,28000.0,0.194927171833142,449,8003,stayers
3300100,20.0,74000.0,925.0,68140.0,1044.0,27300.0,0.18296752136752137,30,813,stayers
3300290,20.0,105000.0,1170.0,97000.0,1603.0,35700.0,0.1910758673274876,120,4718,stayers
3300500,20.0,94000.0,995.0,82250.0,1280.0,30700.0,0.18525220183486238,18,659,stayers
3400190,20.0,91000.0,1150.0,83000.0,1583.5,30350.0,0.21809885931558937,87,1537,stayers
3400300,28.0,138000.0,1510.0,127000.0,2420.5,40000.0,0.2053594301404567,163,4288,stayers
3400400,25.0,96300.0,1280.0,92200.0,2146.0,27000.0,0.24201342281879196,72,1896,stayers
3400600,30.0,93700.0,1440.0,91100.0,2172.5,30000.0,0.225584962005066,108,2664,stayers
3400800,30.0,139850.0,1463.0,125000.0,2221.0,45000.0,0.19945860597439546,19,739,stayers
3400900,30.0,121000.0,1500.0,114100.0,1986.5,32500.0,0.20541935483870968,165,3748,stayers
3401000,25.0,152400.0,1610.0,142150.0,2235.0,50848.0,0.18546938775510202,59,1494,stayers
3401100,25.0,135000.0,1460.0,122000.0,2200.0,40000.0,0.20091791703442188,115,2990,stayers
3401200,20.0,99900.0,1505.0,88600.0,1552.0,32400.0,0.20555740432612313,107,2360,stayers
3401300,30.0,101400.0,1260.0,94000.0,2291.0,29000.0,0.2318181818181818,191,2873,stayers
3401500,25.0,155100.0,1600.0,140300.0,2278.0,45000.0,0.18549677419354837,87,2369,stayers
3401600,30.0,114500.0,1430.0,108000.0,1870.0,40000.0,0.2005044136191677,33,878,stayers
3401700,30.0,113000.0,1172.0,100000.0,1768.0,35200.0,0.20324324324324325,31,671,stayers
3401800,26.0,120000.0,1347.0,108400.0,2212.0,35000.0,0.21410640751111842,98,2215,stayers
3402000,25.0,110310.0,1450.0,102500.0,1753.0,38800.0,0.1992820677993397,89,2360,stayers
3402100,25.0,104000.0,1150.0,92500.0,1572.0,32000.0,0.20670329670329668,115,2197,stayers
3402200,25.0,107400.0,1329.0,102150.0,1706.0,36700.0,0.19865868263473055,57,1435,stayers
3402300,20.0,128000.0,1356.0,111000.0,1935.0,34000.0,0.20371399327387044,69,1312,stayers
3402490,20.0,84000.0,1092.5,73200.0,1192.0,25000.0,0.20656000000000002,56,977,stayers
3500190,20.0,47000.0,685.0,42000.0,274.0,12980.0,0.09842105263157896,105,931,stayers
3500300,15.0,53000.0,662.0,43900.0,433.0,18000.0,0.14627562111801243,24,406,stayers
3500400,10.0,60700.0,701.5,55000.0,603.0,23000.0,0.1588867924528302,16,337,stayers
3500500,20.0,73300.0,1010.0,67450.0,846.0,30000.0,0.154051593323217,22,753,stayers
3500600,25.0,53400.0,882.0,51000.0,659.0,20000.0,0.15158823529411766,69,653,stayers
3500790,20.0,74560.0,935.0,66000.0,964.0,27000.0,0.17691428571428572,104,2195,stayers
3500900,10.0,50100.0,589.0,42600.0,445.0,17650.0,0.14416243654822336,17,297,stayers
3501000,15.0,57050.0,665.0,50850.0,586.0,18500.0,0.16906177156177157,31,462,stayers
3501100,14.0,55000.0,855.0,52000.0,500.0,22000.0,0.13243636363636363,11,361,stayers
3501200,15.0,73000.0,850.0,68000.0,585.0,26000.0,0.1185,17,325,stayers
3600100,20.0,68500.0,740.0,58400.0,754.0,24000.0,0.15133004926108376,30,623,stayers
3600200,15.0,76000.0,830.0,68000.0,851.5,29300.0,0.15578947368421053,32,937,stayers
3600300,20.0,79000.0,933.0,71800.0,1016.5,29000.0,0.17532348446255733,32,678,stayers
3600400,20.0,74420.0,750.0,67000.0,884.0,27000.0,0.15345454545454545,76,2271,stayers
3600500,18.0,66800.0,880.0,61000.0,870.5,26400.0,0.1703508821578042,25,876,stayers
3600600,20.0,74900.0,820.0,68000.0,940.0,28000.0,0.15996258185219833,37,635,stayers
3600700,15.0,86000.0,860.0,77100.0,1018.0,31200.0,0.16170031880977684,117,2764,stayers
3600800,20.0,76000.0,765.0,68000.0,927.0,27000.0,0.16453059906345874,29,771,stayers
3600900,17.0,87670.0,930.0,76000.0,1118.0,30000.0,0.17437121498149966,131,2976,stayers
3601000,20.0,78350.0,716.0,73300.0,915.0,29310.0,0.14665829881806244,23,665,stayers
3601100,20.0,81150.0,730.0,70110.0,849.0,29000.0,0.14785714285714285,37,911,stayers
3601200,20.0,83700.0,827.0,71060.0,970.0,30000.0,0.15925093632958803,144,3852,stayers
3601300,20.0,76300.0,750.0,71950.0,858.5,27650.0,0.15242650161766774,20,751,stayers
3601400,20.0,81000.0,885.0,69400.0,1000.0,29400.0,0.16870588235294118,22,769,stayers
3601500,20.0,75410.0,820.0,69000.0,886.0,26500.0,0.15169811320754717,29,796,stayers
3601600,20.0,69900.0,740.0,62000.0,804.5,27000.0,0.15795677799607072,18,571,stayers
3601700,20.0,94000.0,1012.0,85000.0,1294.5,32850.0,0.1700586041555674,22,646,stayers
3601800,20.0,104950.0,1020.0,97300.0,1338.0,40000.0,0.1563451776649746,32,1063,stayers
3601900,20.0,92250.0,1030.0,85400.0,1193.0,34000.0,0.16981861266695392,33,760,stayers
3602000,20.0,102300.0,1040.0,90000.0,1290.0,33000.0,0.16607056327654784,49,1223,stayers
3602100,20.0,80800.0,955.0,78000.0,1137.0,30000.0,0.17972096028286155,30,604,stayers
3602200,17.0,72000.0,730.0,65000.0,817.5,25190.0,0.15830713422007253,78,1759,stayers
3602300,15.0,94200.0,1200.0,77825.0,1186.0,30300.0,0.18835913312693497,10,431,stayers
3602400,20.0,69155.0,740.0,64000.0,763.0,26000.0,0.15305158592554818,61,1327,stayers
3602500,15.0,61600.0,674.0,56250.0,692.0,23555.0,0.15316770186335404,40,1169,stayers
3602600,15.0,70000.0,640.0,61000.0,661.0,24000.0,0.1465909090909091,29,783,stayers
3602700,20.0,84700.0,1078.0,75000.0,1242.0,28000.0,0.2039154929577465,51,1091,stayers
3602800,25.0,106950.0,1320.0,96800.0,1759.0,32600.0,0.20569536423841062,58,1274,stayers
3602900,25.0,107000.0,1300.0,98850.0,1867.0,30000.0,0.20952380952380953,59,1464,stayers
3603000,20.0,119000.0,1557.0,113020.0,2562.0,31600.0,0.24674015748031494,66,1222,stayers
3603100,30.0,142500.0,1580.0,128500.0,2631.0,40065.0,0.21397402597402596,175,4345,stayers
3603200,30.0,148010.0,1860.0,143000.0,2583.5,43000.0,0.20442105263157895,190,6287,stayers
3603300,25.0,127000.0,1817.0,122600.0,2317.0,40000.0,0.21674534161490683,243,6215,stayers
3603700,45.0,59000.0,1270.0,55000.0,1658.0,18000.0,0.2791388441169699,366,3873,stayers
3603800,30.0,107900.0,1660.0,100000.0,2049.0,43515.0,0.20882267633487148,207,4337,stayers
3603900,40.0,115000.0,1430.0,109070.0,1980.0,30000.0,0.20118072289156624,81,1707,stayers
3604000,45.0,86000.0,1510.0,85000.0,1928.0,26200.0,0.2404054054054054,532,10614,stayers
3604100,45.0,92600.0,1670.0,90200.0,1840.0,28000.0,0.23567816091954022,534,9793,stayers
3700100,18.0,65000.0,706.0,55030.0,658.0,23300.0,0.15511807937285643,27,659,stayers
3700200,17.0,62600.0,670.0,55100.0,572.5,23000.0,0.1406896551724138,20,681,stayers
3700300,25.0,64620.0,690.0,55600.0,659.0,23450.0,0.15423312883435583,24,485,stayers
3700400,25.0,67400.0,760.0,63250.0,760.0,22000.0,0.15529411764705883,23,485,stayers
3700590,20.0,61000.0,810.0,52000.0,731.5,20000.0,0.1716,56,884,stayers
3700700,25.0,71200.0,907.0,65100.0,968.0,26000.0,0.18461538461538463,17,440,stayers
3700800,15.0,66000.0,725.0,55900.0,795.0,25000.0,0.1819047619047619,15,408,stayers
3700900,20.0,67000.0,806.0,60000.0,815.0,22900.0,0.17005813953488372,27,516,stayers
3701000,20.0,65400.0,795.0,54300.0,743.0,22800.0,0.1699047619047619,22,411,stayers
3701100,25.0,75000.0,948.0,64500.0,990.0,28000.0,0.1744927536231884,21,575,stayers
3701200,20.0,111000.0,1200.0,100050.0,1407.0,40000.0,0.1643,109,4146,stayers
3701300,20.0,84750.0,1034.0,74300.0,1130.0,29200.0,0.17613941018766757,33,1060,stayers
3701400,20.0,112100.0,1100.0,92540.0,1390.0,34000.0,0.17160708087469628,26,656,stayers
3701500,25.0,74900.0,810.5,71490.0,1030.0,28500.0,0.1689795918367347,21,486,stayers
3701600,20.0,72300.0,860.0,65000.0,850.0,25900.0,0.14894469223907225,35,810,stayers
3701700,20.0,77200.0,884.0,68000.0,966.5,28700.0,0.1704385026737968,89,1842,stayers
3701800,20.0,77350.0,843.0,67000.0,897.0,27575.0,0.16266666666666665,68,1453,stayers
3701990,20.0,76000.0,811.5,70000.0,933.0,27000.0,0.1474698795180723,32,1129,stayers
3702000,20.0,66830.0,630.0,56500.0,688.0,25000.0,0.14495726495726496,20,444,stayers
3702100,20.0,61800.0,670.0,56800.0,651.0,23100.0,0.14721951219512197,24,505,stayers
3702200,18.0,80000.0,1043.0,68000.0,1032.0,28000.0,0.17328,26,1017,stayers
3702390,20.0,58100.0,729.0,52500.0,600.0,22000.0,0.15272727272727274,26,829,stayers
3702500,20.0,74750.0,818.0,66050.0,802.0,28000.0,0.15006666666666668,15,561,stayers
3702690,20.0,67700.0,720.0,62000.0,728.5,23500.0,0.1529915792583838,47,1064,stayers
3702800,16.5,70252.0,741.5,66100.0,785.0,25000.0,0.156,26,635,stayers
3703000,25.0,70300.0,844.0,63000.0,918.0,25000.0,0.1621167645140248,39,1064,stayers
3703100,20.0,93000.0,1134.0,82000.0,1260.0,33800.0,0.1761290322580645,130,4307,stayers
3703290,25.0,83200.0,859.0,78550.0,1028.0,30000.0,0.15834662513369988,35,1092,stayers
3703400,20.0,67000.0,718.0,57000.0,740.0,25000.0,0.15212598425196852,21,484,stayers
3703500,20.0,62000.0,692.0,55400.0,750.0,24800.0,0.1665414364640884,28,548,stayers
3703600,20.0,64000.0,760.0,55030.0,723.5,23450.0,0.14386206896551723,29,573,stayers
3703700,18.0,77300.0,677.0,65800.0,877.5,27400.0,0.1592998513370708,15,427,stayers
3703800,25.0,69000.0,870.0,62600.0,912.0,22600.0,0.1755,30,709,stayers
3703900,20.0,61000.0,687.5,54600.0,640.0,22150.0,0.15487684729064038,24,473,stayers
3704000,17.0,63265.0,785.0,55200.0,857.0,24000.0,0.17389221556886225,16,385,stayers
3704190,20.0,67700.0,956.0,62000.0,957.0,24000.0,0.17770382695507486,39,762,stayers
3704200,15.0,66800.0,771.5,60000.0,1018.0,25100.0,0.1867741935483871,32,569,stayers
3704300,15.0,67470.0,950.0,61300.0,887.0,25650.0,0.19043478260869567,16,308,stayers
3704400,20.0,70550.0,890.0,59200.0,832.0,25000.0,0.17984375,35,671,stayers
3704690,20.0,83400.0,1082.5,73400.0,1194.5,31000.0,0.19663636363636364,29,921,stayers
3704800,20.0,74000.0,947.5,66100.0,966.0,28500.0,0.17149797570850203,21,465,stayers
3704990,20.0,49100.0,640.0,43200.0,568.5,17000.0,0.17516129032258065,46,876,stayers
3705000,18.0,64002.0,958.0,58000.0,953.5,24000.0,0.20350684931506846,71,1222,stayers
3705200,20.0,53600.0,715.0,47200.0,740.0,19600.0,0.17312,46,448,stayers
3705390,30.0,96000.0,1040.0,87000.0,1212.0,30000.0,0.17125077621208504,36,1187,stayers
3800100,15.0,86000.0,790.0,78050.0,657.5,34800.0,0.11862745098039215,22,943,stayers
3800200,15.0,79900.0,620.0,73000.0,546.0,32000.0,0.1158604118993135,19,807,stayers
3800300,15.0,96500.0,750.0,85000.0,865.0,35000.0,0.134760147601476,9,526,stayers
3800400,11.0,90000.0,830.0,75000.0,711.0,34000.0,0.13651741293532338,14,630,stayers
3800500,15.0,105000.0,778.0,91200.0,1122.5,40000.0,0.15097276264591442,12,539,stayers
3900100,18.0,69200.0,670.0,63000.0,760.0,28500.0,0.14769230769230768,20,689,stayers
3900290,20.0,77000.0,770.0,67640.0,893.0,28000.0,0.1585430463576159,103,2614,stayers
3900700,15.0,70700.0,790.0,65400.0,790.0,30000.0,0.15408,17,616,stayers
3900800,20.0,77200.0,852.5,71600.0,967.0,28000.0,0.16125,38,1238,stayers
3900900,20.0,83300.0,830.0,70500.0,1023.0,29900.0,0.16864197530864197,280,5363,stayers
3901090,20.0,90000.0,920.0,81000.0,1121.0,32300.0,0.15582857142857143,50,1508,stayers
3901300,20.0,65200.0,740.0,60000.0,740.0,24000.0,0.15718944793555734,29,403,stayers
3901490,20.0,67400.0,710.0,58300.0,726.0,25000.0,0.14668508287292817,86,1683,stayers
3901700,25.0,89200.0,913.5,79000.0,1071.0,28000.0,0.16647529023080807,27,713,stayers
3901800,20.0,84000.0,860.0,74950.0,999.0,30200.0,0.1590967741935484,91,2180,stayers
3901900,25.0,99000.0,900.0,90700.0,1199.0,36000.0,0.1478787878787879,19,798,stayers
3902000,15.0,68300.0,720.0,65350.0,793.0,25000.0,0.14575835475578405,16,628,stayers
3902100,17.0,69100.0,768.0,64800.0,810.0,25700.0,0.144611893042179,17,578,stayers
3902200,15.0,59850.0,702.0,55675.0,701.0,22800.0,0.14501930501930502,14,378,stayers
3902300,17.0,70000.0,687.0,64200.0,766.0,26400.0,0.1532142857142857,24,696,stayers
3902400,15.0,79000.0,700.0,74400.0,876.0,32000.0,0.1363202545068929,23,672,stayers
3902500,15.0,68500.0,705.0,59000.0,808.5,23000.0,0.15925042589437818,18,442,stayers
3902600,15.0,78000.0,700.0,70800.0,736.0,30575.0,0.1369727047146402,16,755,stayers
3902700,20.0,72700.0,780.0,66300.0,873.0,29000.0,0.15100478468899522,21,655,stayers
3902800,20.0,66000.0,764.0,60000.0,867.0,21500.0,0.16366051660516606,24,608,stayers
3902900,18.0,68000.0,698.0,62000.0,664.0,23000.0,0.1409510755635824,16,540,stayers
3903000,20.0,70000.0,760.0,59840.0,661.5,24950.0,0.13560414269275028,21,528,stayers
3903190,20.0,76000.0,740.0,68000.0,863.0,26700.0,0.14947368421052631,61,1643,stayers
3903400,20.0,64600.0,670.0,60000.0,660.0,24700.0,0.13656521739130434,11,433,stayers
3903500,20.0,59500.0,680.0,53800.0,545.0,21000.0,0.12952380952380954,37,599,stayers
3903600,20.0,60000.0,660.0,52400.0,591.0,22000.0,0.148,27,484,stayers
3903700,20.0,59000.0,702.0,57000.0,727.0,24000.0,0.15277627118644066,25,491,stayers
3903800,20.0,89700.0,850.0,81000.0,1088.0,30400.0,0.16457142857142856,25,684,stayers
3903900,25.0,80000.0,906.0,74045.0,1010.0,30000.0,0.15814925373134328,20,608,stayers
3904000,25.0,118000.0,1030.0,111700.0,1715.0,47800.0,0.1738144329896907,22,821,stayers
3904100,20.0,86000.0,990.0,75200.0,1173.0,32000.0,0.17850746268656714,179,4561,stayers
3904200,22.0,81000.0,880.0,74770.0,1020.0,26930.0,0.16096536796536798,16,675,stayers
3904300,20.0,69000.0,762.0,61900.0,745.0,27500.0,0.14880421662566223,22,542,stayers
3904400,20.0,79570.0,781.0,66500.0,901.0,33000.0,0.151,10,395,stayers
3904500,20.0,73000.0,752.0,66100.0,786.0,28000.0,0.14952000000000001,24,896,stayers
3904600,20.0,76000.0,820.0,67000.0,921.0,29100.0,0.16266666666666665,98,1894,stayers
3904700,20.0,90700.0,910.0,82000.0,1080.0,30000.0,0.1543578947368421,25,648,stayers
3904800,20.0,65800.0,774.0,60000.0,764.0,22800.0,0.15735323784547106,26,381,stayers
3904900,20.0,56850.0,641.5,50000.0,664.0,21000.0,0.1650924024640657,16,301,stayers
3905000,20.0,55000.0,730.0,47900.0,536.0,20000.0,0.15176470588235294,31,433,stayers
3905100,20.0,62000.0,657.5,52300.0,666.0,20350.0,0.15221052631578946,28,410,stayers
3905200,20.0,67200.0,656.0,59300.0,839.0,23000.0,0.161625,21,452,stayers
3905300,22.0,102300.0,1103.5,94000.0,1285.0,35220.0,0.1529203539823009,16,783,stayers
3905400,20.0,85000.0,938.0,75600.0,1095.0,29750.0,0.16723247232472327,53,1314,stayers
3905500,20.0,91000.0,860.0,77500.0,1144.0,32000.0,0.16902503791069923,97,3181,stayers
3905690,25.0,81905.0,860.0,75540.0,976.0,30685.0,0.16224489795918368,20,928,stayers
4000190,20.0,63800.0,730.0,57000.0,697.0,23000.0,0.15132,87,1853,stayers
4000200,15.0,47000.0,620.0,40650.0,496.0,16850.0,0.16376470588235292,11,391,stayers
4000300,15.0,56000.0,657.5,49500.0,490.0,19700.0,0.138,41,872,stayers
4000400,10.0,65000.0,690.0,58000.0,535.0,23200.0,0.12785714285714286,14,345,stayers
4000500,15.0,64800.0,730.0,60000.0,485.0,24700.0,0.11221153846153847,10,474,stayers
4000600,15.0,63500.0,833.0,58000.0,594.0,22800.0,0.14297872340425533,31,764,stayers
4000700,15.0,59800.0,730.0,51700.0,524.0,20800.0,0.13866666666666666,39,981,stayers
4000800,20.0,83630.0,940.0,80500.0,1025.5,33100.0,0.15471526195899774,9,400,stayers
4000900,20.0,85500.0,980.0,82000.0,1096.5,30000.0,0.16529550827423167,18,678,stayers
4001000,20.0,74000.0,915.0,65000.0,931.5,28000.0,0.16675324675324676,74,1878,stayers
4001100,25.0,70400.0,732.0,65850.0,706.0,24600.0,0.14091928251121077,26,1010,stayers
4001290,20.0,70000.0,854.0,62000.0,779.0,24800.0,0.1579646017699115,123,3360,stayers
4001400,15.0,64620.0,728.5,60430.0,621.0,25000.0,0.12475155279503106,21,453,stayers
4100100,12.0,75000.0,800.0,69000.0,875.0,25800.0,0.15472118959107806,31,588,stayers
4100200,15.0,67080.0,810.5,62000.0,778.0,24610.0,0.1658181818181818,21,655,stayers
4100300,10.0,62000.0,740.0,55450.0,656.0,20950.0,0.16781572651202906,22,460,stayers
4100400,15.0,84000.0,1130.0,76850.0,1385.0,30400.0,0.19185585585585585,20,509,stayers
4100500,15.0,73700.0,930.0,63750.0,1039.0,25400.0,0.18516732886820297,29,707,stayers
4100600,15.0,80775.0,1011.0,74090.0,1144.0,28000.0,0.1762758620689655,31,849,stayers
4100700,15.0,76200.0,1063.0,68100.0,1118.0,26500.0,0.1985521472392638,65,1483,stayers
4100800,15.0,64550.0,860.0,56780.0,915.0,23000.0,0.18065895953757224,27,482,stayers
4100900,15.0,74300.0,1040.0,65000.0,1103.5,25000.0,0.19639639639639642,33,663,stayers
4101000,15.0,59500.0,844.0,56600.0,885.0,20850.0,0.179846547314578,24,376,stayers
4101100,20.0,81560.0,1010.0,74000.0,1294.0,26495.0,0.20004995004995008,36,1223,stayers
4101200,20.0,79000.0,1045.0,74600.0,1277.0,27000.0,0.20020000000000002,29,695,stayers
4101325,20.0,103000.0,1353.0,91200.0,1670.0,35150.0,0.2020125786163522,127,3379,stayers
4101326,25.0,104900.0,1400.0,97100.0,1712.0,36000.0,0.19686206896551722,52,1583,stayers
4101327,20.0,107100.0,1445.0,101510.0,1665.0,37000.0,0.1876328835062815,81,2396,stayers
4200100,18.0,72800.0,800.0,64400.0,880.0,24630.0,0.15879699248120302,40,1043,stayers
4200200,20.0,66750.0,700.0,60000.0,654.0,24700.0,0.14149565217391302,48,1029,stayers
4200300,20.0,59000.0,700.0,53000.0,605.0,22950.0,0.14875,43,1216,stayers
4200400,20.0,61000.0,743.0,55700.0,710.0,24950.0,0.15550295857988167,36,950,stayers
4200500,25.0,73000.0,870.0,66000.0,931.0,26200.0,0.17173770491803278,43,899,stayers
4200600,25.0,82650.0,1140.0,77950.0,1225.0,26000.0,0.18849557522123894,21,408,stayers
4200700,20.0,76000.0,803.0,68200.0,874.0,27100.0,0.16489655172413792,31,1147,stayers
4200800,20.0,75050.0,817.0,68000.0,850.0,26900.0,0.15228699551569508,91,1942,stayers
4200900,20.0,71620.0,811.0,65150.0,809.0,26000.0,0.15885245901639344,45,1065,stayers
4201000,20.0,80000.0,703.0,72400.0,740.0,29000.0,0.14109676711918895,21,710,stayers
4201100,20.0,68600.0,684.0,61600.0,754.0,26000.0,0.1488,24,908,stayers
4201200,20.0,85000.0,940.0,77000.0,905.0,27000.0,0.15791666666666665,24,619,stayers
4201300,20.0,63500.0,680.0,58200.0,623.5,24000.0,0.14064,54,1245,stayers
4201400,15.0,73100.0,745.0,65000.0,763.0,24000.0,0.14506738544474393,21,705,stayers
4201500,20.0,75000.0,730.0,66500.0,838.0,25650.0,0.1590896159317212,48,1229,stayers
4201600,20.0,81600.0,868.0,75200.0,980.0,30000.0,0.15574468085106383,34,953,stayers
4201700,20.0,92000.0,880.0,78600.0,1002.0,31700.0,0.15886451612903224,178,4825,stayers
4201900,20.0,64900.0,660.0,59050.0,680.0,23700.0,0.14894117647058824,49,932,stayers
4202000,20.0,77000.0,740.0,68000.0,829.0,26900.0,0.14869492574257426,50,1515,stayers
4202100,20.0,67000.0,654.0,57000.0,641.0,24000.0,0.1436337522441652,40,884,stayers
4202200,20.0,68700.0,755.5,62000.0,740.0,24800.0,0.15205405405405403,33,1037,stayers
4202300,20.0,82000.0,900.0,76000.0,1030.0,30680.0,0.16,42,1289,stayers
4202400,20.0,79600.0,960.0,72000.0,965.0,30400.0,0.16555555555555557,34,1027,stayers
4202500,20.0,82000.0,907.0,76500.0,1082.0,32000.0,0.16934579439252334,14,569,stayers
4202600,20.0,70600.0,660.0,64450.0,758.0,25000.0,0.14975741239892185,32,847,stayers
4202700,20.0,83000.0,985.0,78000.0,1193.0,29050.0,0.18019148936170212,68,1666,stayers
4202890,20.0,91000.0,1088.5,81700.0,1246.0,30785.0,0.18026288337158358,91,2471,stayers
4203000,25.0,120000.0,1280.0,110000.0,1709.0,37600.0,0.18343007915567283,83,2530,stayers
4203100,25.0,120000.0,1320.0,110000.0,1750.0,40000.0,0.1748043956043956,124,3339,stayers
4203200,30.0,69200.0,1087.0,60900.0,979.0,24300.0,0.18976470588235295,244,3350,stayers
4203300,30.0,108000.0,1110.0,96000.0,1488.0,31725.0,0.18142011834319527,93,2019,stayers
4203400,25.0,123000.0,1240.0,114500.0,1791.0,41750.0,0.17202952029520296,79,2044,stayers
4203500,20.0,83490.0,1000.0,79000.0,1179.0,30000.0,0.18419906687402798,50,1736,stayers
4203600,20.0,85500.0,956.0,81205.0,1176.0,30400.0,0.17627118644067796,57,1748,stayers
4203700,20.0,81200.0,950.0,75500.0,1079.0,31100.0,0.17375565610859728,33,1079,stayers
4203800,20.0,64600.0,658.0,59140.0,633.0,24575.0,0.1390270935960591,38,1122,stayers
4203900,20.0,68030.0,734.0,61000.0,681.0,24000.0,0.1397938144329897,24,578,stayers
4204000,25.0,79200.0,790.0,72260.0,809.0,27900.0,0.14643564356435645,39,1154,stayers
4400100,20.0,86000.0,1003.0,75900.0,1446.0,29200.0,0.2,120,2402,stayers
4400201,20.0,91000.0,1140.0,85600.0,1513.0,35000.0,0.20722222222222225,34,771,stayers
4400300,20.0,120000.0,1241.0,105000.0,1773.0,38730.0,0.19279069186786849,28,718,stayers
4400400,20.0,110000.0,1203.0,106000.0,1629.0,35800.0,0.17382857142857144,40,637,stayers
4500100,20.0,75100.0,884.0,68900.0,861.0,27000.0,0.1513885898815931,91,2387,stayers
4500101,20.0,70900.0,775.0,62300.0,730.0,23650.0,0.14457242236024848,31,743,stayers
4500200,20.0,64600.0,765.0,59100.0,656.5,23250.0,0.1453379486842969,28,721,stayers
4500300,20.0,70800.0,791.5,63700.0,756.5,23900.0,0.1449920508744038,54,1231,stayers
4500400,20.0,59800.0,690.0,54000.0,539.0,21000.0,0.13582551840089668,34,638,stayers
4500500,25.0,85000.0,1000.0,76000.0,1023.0,30000.0,0.1517675544794189,44,1051,stayers
4500600,20.0,70000.0,900.0,61300.0,906.0,25000.0,0.1753846153846154,116,1713,stayers
4500606,20.0,78300.0,900.0,71850.0,895.0,30000.0,0.1516339869281046,51,1504,stayers
4500700,20.0,60000.0,777.0,54800.0,600.0,20000.0,0.14426666666666665,30,591,stayers
4500800,20.0,60000.0,770.0,50700.0,581.0,19000.0,0.1519380796508456,47,661,stayers
4500900,20.0,60200.0,720.0,52700.0,704.0,21800.0,0.16848979591836735,33,712,stayers
4501000,20.0,56200.0,715.0,50000.0,712.0,19200.0,0.16976687116564418,29,416,stayers
4501100,15.0,64000.0,945.0,58200.0,873.5,26500.0,0.1732358830596716,50,1124,stayers
4501200,25.0,85600.0,1196.0,78000.0,1180.0,31000.0,0.1812972972972973,99,2873,stayers
4501300,20.0,51300.0,710.0,46100.0,498.0,18550.0,0.1575536139793487,52,757,stayers
4501400,20.0,81000.0,1270.0,77615.0,1198.0,30000.0,0.17949295774647886,18,640,stayers
4501500,20.0,77600.0,780.0,69400.0,742.5,26000.0,0.1344,18,640,stayers
4501600,20.0,62240.0,743.0,55300.0,651.0,22000.0,0.14349206349206348,20,420,stayers
4600100,15.0,77800.0,765.0,66800.0,1015.0,28200.0,0.17013333333333333,14,528,stayers
4600200,10.0,57000.0,540.0,50500.0,566.5,21700.0,0.1372310147626014,40,497,stayers
4600300,12.0,70550.0,613.0,63100.0,693.0,29000.0,0.13917587939698495,14,760,stayers
4600400,15.0,79250.0,710.0,71000.0,743.0,31300.0,0.13256317689530686,9,783,stayers
4600590,15.0,86300.0,830.0,75000.0,1011.0,34000.0,0.16217135207496652,21,1202,stayers
4700100,20.0,61000.0,672.0,54500.0,623.0,21550.0,0.14028309741881764,35,669,stayers
4700200,20.0,57000.0,640.0,50000.0,590.0,20000.0,0.1447576099210823,35,668,stayers
4700300,20.0,70000.0,917.5,65950.0,990.0,25000.0,0.18717991631799163,35,604,stayers
4700400,30.0,79100.0,890.0,72000.0,940.0,28000.0,0.16033846153846154,30,876,stayers
4700500,30.0,83800.0,1012.0,76000.0,1140.0,30000.0,0.16751158714703018,26,850,stayers
4700600,20.0,61000.0,638.0,55000.0,648.0,22750.0,0.14594594594594595,15,544,stayers
4700700,15.0,59900.0,690.0,51200.0,559.0,20000.0,0.14366666666666666,38,452,stayers
4700800,20.0,56550.0,660.0,51700.0,578.0,21000.0,0.14127527216174185,21,360,stayers
4700900,20.0,51000.0,588.5,43000.0,470.0,16800.0,0.1539181917943998,33,401,stayers
4701090,20.0,65000.0,647.0,54400.0,650.0,22700.0,0.15053003533568904,36,826,stayers
4701200,20.0,60000.0,675.0,53600.0,550.0,21200.0,0.1356828193832599,29,615,stayers
4701300,15.0,70000.0,790.0,63375.0,823.0,25250.0,0.15326373555840822,14,420,stayers
4701400,20.0,58100.0,666.0,47000.0,522.0,19200.0,0.15495652173913044,22,354,stayers
4701500,20.0,60525.0,790.0,57000.0,734.0,23470.0,0.15239999999999998,25,550,stayers
4701600,20.0,77600.0,853.5,69000.0,923.0,28000.0,0.15931914893617022,85,2335,stayers
4701700,20.0,73250.0,852.0,68600.0,823.5,26000.0,0.14860103626943005,25,585,stayers
4701800,23.0,69750.0,733.0,63850.0,696.5,23000.0,0.14049409237379162,18,447,stayers
4701900,15.0,65400.0,752.0,55700.0,693.0,22450.0,0.14895194938087936,31,618,stayers
4702000,20.0,80000.0,884.0,70800.0,962.0,29400.0,0.15594414391747388,74,1450,stayers
4702100,25.0,64000.0,665.0,60000.0,619.0,20000.0,0.1294059405940594,29,542,stayers
4702200,20.0,66300.0,785.0,60200.0,683.0,23000.0,0.14550000000000002,13,550,stayers
4702300,30.0,91000.0,990.0,89000.0,1086.5,32300.0,0.162048,17,522,stayers
4702400,20.0,85000.0,1049.5,79810.0,1125.0,30000.0,0.16623808637379003,35,1049,stayers
4702500,20.0,89800.0,1142.0,80000.0,1183.0,32700.0,0.17415,83,2829,stayers
4702600,25.0,139100.0,1500.0,130000.0,1767.5,43800.0,0.14983050847457627,28,945,stayers
4702700,20.5,73700.0,880.0,66530.0,833.0,26000.0,0.15625263157894737,28,651,stayers
4702800,20.0,58900.0,636.0,51100.0,545.0,21000.0,0.14575471698113207,37,481,stayers
4702900,20.0,53800.0,650.0,47000.0,530.0,20000.0,0.14745454545454545,41,627,stayers
4703000,15.0,67000.0,743.0,60000.0,830.0,22800.0,0.16153846153846155,15,421,stayers
4703100,30.0,71000.0,727.0,64000.0,767.0,23000.0,0.15161471861471862,42,609,stayers
4703200,20.0,74700.0,950.0,64500.0,1086.0,25200.0,0.19171875,177,2949,stayers
4800100,10.0,66900.0,764.5,61000.0,561.0,24050.0,0.12413793103448276,45,1106,stayers
4800200,15.0,60600.0,870.0,54800.0,744.0,21050.0,0.1730472103004292,16,489,stayers
4800300,15.0,97000.0,925.0,81150.0,982.0,37350.0,0.14834752981260646,16,657,stayers
4800400,15.0,64000.0,700.0,57000.0,510.0,22000.0,0.12784,34,752,stayers
4800500,15.0,79000.0,960.0,69100.0,961.5,28000.0,0.16790123456790124,27,1156,stayers
4800600,20.0,73000.0,793.0,70000.0,746.0,26615.0,0.14349295774647888,27,1001,stayers
4800700,10.0,67000.0,855.0,57700.0,751.0,20000.0,0.16779661016949152,22,549,stayers
4800800,20.0,73400.0,862.5,66400.0,788.0,25200.0,0.1593054459352802,43,1042,stayers
4800900,25.0,89650.0,980.0,84000.0,1116.0,27800.0,0.1703448275862069,26,822,stayers
4801000,15.0,61900.0,770.0,57000.0,631.0,23000.0,0.142,26,812,stayers
4801100,15.0,62900.0,762.5,54700.0,591.0,20000.0,0.14666666666666667,24,454,stayers
4801200,20.0,67700.0,820.0,59700.0,669.0,24000.0,0.14989473684210525,16,435,stayers
4801300,25.0,64100.0,846.0,60000.0,659.0,24850.0,0.15176781002638523,14,527,stayers
4801400,30.0,83300.0,1048.0,81100.0,1120.0,30000.0,0.17050172346398496,39,602,stayers
4801500,20.0,78600.0,960.0,70500.0,903.0,26600.0,0.16283018867924529,33,749,stayers
4801600,15.0,79000.0,825.0,71100.0,774.0,24000.0,0.1453027139874739,19,484,stayers
4801700,20.0,63100.0,760.0,60000.0,625.5,20200.0,0.13853073463268367,30,538,stayers
4801800,20.0,59600.0,783.0,51600.0,608.0,18000.0,0.1706806282722513,21,482,stayers
4801900,25.0,125410.0,1513.0,118000.0,1858.0,44150.0,0.18154619736015085,145,4241,stayers
4802000,25.0,120000.0,1288.0,110000.0,1762.0,40000.0,0.18123076923076922,120,3787,stayers
4802101,30.0,89750.0,1100.0,85000.0,1146.5,30000.0,0.15894925373134328,30,846,stayers
4802102,30.0,80100.0,1130.0,73400.0,914.0,28900.0,0.16376470588235292,24,718,stayers
4802200,20.0,73515.0,801.0,66000.0,838.0,25000.0,0.15127572016460905,15,562,stayers
4802300,25.0,79600.0,1148.0,74800.0,1183.0,29100.0,0.18706159304917436,408,10288,stayers
4802400,28.0,98000.0,1080.0,89000.0,1221.0,33700.0,0.15462857142857142,18,630,stayers
4802500,23.0,90000.0,1107.0,82300.0,1228.0,31000.0,0.17591623036649215,326,7850,stayers
4802600,15.0,62250.0,750.0,56400.0,554.0,23100.0,0.1344152352501867,49,1170,stayers
4802700,14.0,69000.0,958.5,59500.0,675.5,25000.0,0.1642227322140355,21,574,stayers
4802800,10.0,65000.0,680.0,56000.0,526.0,21600.0,0.12478300180831828,19,512,stayers
4802900,15.0,73000.0,932.0,66500.0,808.0,25000.0,0.15440979563072588,17,457,stayers
4803000,15.0,100000.0,1270.0,95000.0,1024.0,35000.0,0.13781538461538462,9,465,stayers
4803100,20.0,82000.0,1018.0,80000.0,728.0,26000.0,0.1317001436741133,21,494,stayers
4803200,10.0,74900.0,740.0,70900.0,511.0,24200.0,0.11738181818181817,19,457,stayers
4803300,20.0,58200.0,790.0,55000.0,711.0,18000.0,0.16659574468085106,156,2712,stayers
4803400,20.0,66450.0,906.0,61420.0,737.0,22440.0,0.15029702970297032,37,734,stayers
4803500,15.0,69300.0,915.0,64500.0,909.0,26000.0,0.17114285714285715,61,1067,stayers
4803601,20.0,69100.0,825.0,62400.0,631.0,22000.0,0.12975609756097561,24,645,stayers
4803602,15.0,84900.0,989.0,68000.0,1188.0,25150.0,0.19222222222222224,19,652,stayers
4803700,20.0,62200.0,742.0,56000.0,618.0,21000.0,0.14222222222222222,51,961,stayers
4803800,15.0,72600.0,908.5,63000.0,860.0,25000.0,0.16987012987012987,44,1102,stayers
4803900,20.0,60000.0,700.0,52000.0,559.0,15000.0,0.13564134797425217,21,584,stayers
4804000,15.0,60000.0,800.0,54500.0,630.0,20000.0,0.1481111111111111,26,527,stayers
4804100,20.0,55250.0,700.0,49800.0,534.0,18900.0,0.1416,32,387,stayers
4804200,20.0,75500.0,807.0,64000.0,648.0,25030.0,0.1289032258064516,15,518,stayers
4804300,17.0,71000.0,872.0,61100.0,668.0,20000.0,0.14592505854800936,47,886,stayers
4804400,30.0,74000.0,825.0,68700.0,704.0,24000.0,0.13408695652173913,11,381,stayers
4804500,30.0,100000.0,1180.0,91000.0,1344.5,31000.0,0.16764415156507412,63,1569,stayers
4804600,25.0,80800.0,1073.0,76000.0,1150.0,26450.0,0.1766422748815166,739,14725,stayers
4804700,20.0,100900.0,1043.0,88000.0,1248.0,32000.0,0.16126612517916866,63,1224,stayers
4804800,25.0,90000.0,1092.0,83900.0,1031.0,27800.0,0.1496678966789668,45,1159,stayers
4804900,30.0,110000.0,1406.5,104000.0,1559.0,33000.0,0.16860868167202572,101,2231,stayers
4805000,20.0,72400.0,892.0,65000.0,869.0,23725.0,0.15266272189349112,21,715,stayers
4805100,25.0,72000.0,1020.0,69000.0,927.0,27500.0,0.1628815072558889,13,638,stayers
4805200,25.0,103650.0,1360.0,100000.0,1577.0,39050.0,0.18366412213740457,87,2241,stayers
4805300,20.0,107650.0,1400.0,98600.0,1645.0,38150.0,0.1888328173374613,168,4947,stayers
4805400,30.0,90000.0,1160.0,80000.0,1337.5,31420.0,0.18594117647058825,26,672,stayers
4805500,20.0,75000.0,804.0,70000.0,638.0,27900.0,0.12715562019530438,18,779,stayers
4805600,15.0,75000.0,870.0,65000.0,712.0,25700.0,0.1504285714285714,27,405,stayers
4805700,20.0,92000.0,1138.5,85000.0,1084.0,31300.0,0.15113793103448275,19,674,stayers
4805800,30.0,95000.0,1150.0,84000.0,1155.0,31000.0,0.16577586206896552,18,493,stayers
4805900,20.0,74800.0,1039.0,69420.0,1004.0,25000.0,0.1787027027027027,290,6929,stayers
4806000,20.0,84600.0,1020.0,78600.0,952.0,28885.0,0.16054995703460667,15,510,stayers
4806100,25.0,69100.0,830.0,65000.0,669.0,23000.0,0.145,23,400,stayers
4806200,10.0,53000.0,740.0,51400.0,478.5,15000.0,0.14962025316455696,18,398,stayers
4806300,15.0,60300.0,870.0,56550.0,756.0,15000.0,0.17619047619047618,60,1003,stayers
4806400,15.0,44600.0,685.0,42000.0,389.5,13700.0,0.12318552036199096,19,365,stayers
4806500,20.0,71000.0,1030.0,63400.0,817.0,21000.0,0.1632258064516129,27,500,stayers
4806600,15.0,75510.0,1003.0,69600.0,964.5,25000.0,0.17676190476190476,70,1328,stayers
4806700,15.0,51100.0,720.0,49400.0,537.5,15000.0,0.15483870967741936,76,1409,stayers
4806800,15.0,53000.0,745.0,50280.0,550.0,15000.0,0.14951612903225805,143,2084,stayers
4806900,13.0,49100.0,720.0,46300.0,467.0,16000.0,0.14769230769230768,18,259,stayers
4903001,25.0,81000.0,850.0,77100.0,955.0,29700.0,0.15532710280373832,16,526,stayers
4905001,15.0,82665.0,835.0,78000.0,1093.0,30000.0,0.16075167785234898,22,907,stayers
4911000,20.0,105000.0,1215.0,100100.0,1366.0,32000.0,0.15850736056396433,30,1177,stayers
4913001,15.0,68700.0,848.0,66000.0,712.0,22100.0,0.14609484120623728,34,705,stayers
4921001,10.0,73000.0,754.0,67000.0,772.0,22800.0,0.14942362839647552,21,774,stayers
4935000,20.0,99000.0,1180.0,92300.0,1378.0,33000.0,0.16757142857142857,97,4068,stayers
4949000,15.0,96340.0,1000.0,93400.0,1375.0,26000.0,0.1667478260869565,51,2566,stayers
4953001,15.0,67450.0,1027.0,64400.0,1063.0,25000.0,0.1892449502133713,16,398,stayers
4957000,20.0,85200.0,930.0,80150.0,1209.0,30000.0,0.16820953279848988,30,963,stayers
5000100,20.0,94900.0,1120.0,87700.0,1468.0,32800.0,0.18788418708240534,18,744,stayers
5000200,20.0,75000.0,930.0,66700.0,1170.0,29000.0,0.19618364040293695,28,760,stayers
5000300,20.0,80000.0,970.0,69400.0,1143.0,31200.0,0.20216666666666666,24,630,stayers
5000400,16.5,78000.0,900.0,70000.0,1132.0,30000.0,0.18914707857622567,13,765,stayers
5101300,27.0,190090.0,2000.0,166000.0,2673.0,75000.0,0.18052716514254977,18,1089,stayers
5104100,25.0,95700.0,1250.0,90000.0,1296.0,36000.0,0.17529847347558403,55,1372,stayers
5110700,30.0,165000.0,1890.0,160000.0,2455.5,60000.0,0.17531417857160203,51,1803,stayers
5151000,20.0,77000.0,930.0,68650.0,831.5,27000.0,0.15801882352941177,52,1225,stayers
5151001,20.0,96600.0,1200.0,89100.0,1210.0,35000.0,0.16440635641316687,22,962,stayers
5151010,20.0,53900.0,623.0,46000.0,453.0,18250.0,0.13702702702702702,35,654,stayers
5151020,15.0,61000.0,616.5,51000.0,506.0,21450.0,0.1346802816690837,23,776,stayers
5151040,20.0,75000.0,890.0,60300.0,798.0,22800.0,0.15561565836298932,20,575,stayers
5151080,20.0,74250.0,898.0,65500.0,928.5,25000.0,0.16952934059286145,14,574,stayers
5151084,20.0,90700.0,1035.0,89000.0,1278.0,33300.0,0.17036697247706423,15,517,stayers
5151085,30.0,74500.0,920.0,68000.0,1000.0,26000.0,0.17443478260869566,27,463,stayers
5151087,30.0,98600.0,1229.0,93250.0,1490.0,35450.0,0.18553824691932108,19,778,stayers
5151095,20.0,71750.0,835.0,68000.0,820.0,27200.0,0.14874564459930312,16,528,stayers
5151096,15.0,70100.0,870.0,60000.0,802.5,21750.0,0.164399784676117,22,447,stayers
5151097,15.0,56600.0,705.0,48800.0,562.5,19800.0,0.14904458598726117,26,725,stayers
5151100,20.0,99800.0,1417.0,90050.0,1558.0,36000.0,0.19549668874172182,49,1851,stayers
5151105,23.0,67220.0,710.0,58700.0,767.0,20000.0,0.15601368097551305,24,733,stayers
5151110,15.0,70000.0,867.0,64000.0,1002.0,25000.0,0.17967914438502675,15,599,stayers
5151115,35.0,130300.0,1590.0,130000.0,1900.0,43300.0,0.1687218045112782,31,731,stayers
5151120,30.0,101000.0,1483.0,99000.0,1501.5,37175.0,0.17371490280777538,24,930,stayers
5151125,20.0,77000.0,878.5,68400.0,933.0,26900.0,0.15860869565217392,24,702,stayers
5151135,20.0,72700.0,1030.0,65800.0,929.0,25000.0,0.17947019867549668,39,639,stayers
5151145,27.0,94510.0,1038.0,85000.0,1448.0,33400.0,0.1817900552486188,39,741,stayers
5151175,20.0,79350.0,1060.0,67600.0,1312.0,29000.0,0.20561320754716983,20,630,stayers
5151186,20.0,77100.0,1140.0,71800.0,1202.0,32000.0,0.19630434782608694,21,405,stayers
5151187,20.0,76000.0,1060.0,65600.0,1301.0,26700.0,0.22444444444444445,58,1343,stayers
5151200,20.0,101200.0,1212.0,90000.0,1260.0,37500.0,0.1669090909090909,31,1241,stayers
5151206,20.0,109200.0,1400.0,98000.0,1458.0,36000.0,0.17720388349514565,19,594,stayers
5151215,30.0,100700.0,1092.5,92500.0,1297.0,35435.0,0.15744274809160305,21,995,stayers
5151235,15.0,80000.0,1055.0,69000.0,1268.0,33000.0,0.20068965517241377,24,874,stayers
5151255,30.0,167500.0,1845.0,145070.0,2515.0,72500.0,0.18918450592885377,20,752,stayers
5151256,40.0,136800.0,1740.0,131200.0,2120.0,45000.0,0.18864705882352942,77,2220,stayers
5155000,25.0,99250.0,1287.0,96800.0,1659.0,34000.0,0.1994736842105263,33,797,stayers
5159300,30.0,163000.0,1970.0,154700.0,2335.5,56105.0,0.17706773193493527,173,6049,stayers
5310100,18.0,82080.0,1090.0,74600.0,1238.0,30000.0,0.18975,26,697,stayers
5310200,15.0,86200.0,1134.0,79000.0,1222.0,32000.0,0.18042553191489363,54,1424,stayers
5310300,15.0,77400.0,915.0,72000.0,1093.0,31175.0,0.16433928946013465,12,491,stayers
5310400,15.0,60000.0,740.0,52800.0,640.0,24000.0,0.14649033570701933,34,549,stayers
5310500,20.0,78000.0,960.0,70800.0,1077.0,27400.0,0.1799174690508941,85,1876,stayers
5310600,15.0,68600.0,790.0,62850.0,730.0,25000.0,0.1528125,25,580,stayers
5310700,15.0,80000.0,930.0,76000.0,1049.0,30000.0,0.16169142857142857,47,1038,stayers
5310800,15.0,70000.0,870.0,66000.0,866.0,26000.0,0.168,18,459,stayers
5310900,15.0,64000.0,750.0,62700.0,1010.0,23000.0,0.18047138047138048,47,804,stayers
5311000,20.0,73300.0,900.0,67100.0,945.0,25050.0,0.16650148662041625,36,530,stayers
5311100,20.0,95000.0,1348.0,89600.0,1467.0,33300.0,0.18959672455174362,80,1983,stayers
5311200,15.0,68750.0,820.0,61500.0,884.0,25000.0,0.18,18,451,stayers
5311300,20.0,69500.0,800.0,63200.0,899.0,24000.0,0.16434056308654849,32,465,stayers
5311400,20.0,93300.0,1212.0,86000.0,1309.0,34750.0,0.18571428571428572,35,951,stayers
5311500,30.0,96700.0,1360.0,89800.0,1590.5,35000.0,0.19740989615149662,118,3508,stayers
5311600,30.0,126800.0,1717.0,116600.0,2050.5,43000.0,0.1965655070318283,294,8829,stayers
5311700,30.0,109000.0,1570.0,102750.0,1773.0,37600.0,0.19700325732899024,105,3337,stayers
5311800,20.0,98100.0,1255.0,90000.0,1458.0,35000.0,0.18696712328767123,52,1257,stayers
5311900,11.0,70000.0,980.0,64800.0,764.0,25000.0,0.16989473684210527,26,393,stayers
5400100,15.0,64650.0,660.0,57200.0,507.0,24000.0,0.12152542372881356,29,550,stayers
5400200,20.0,65000.0,775.0,59000.0,532.5,22000.0,0.12261452513966481,40,617,stayers
5400300,20.0,74000.0,880.0,68000.0,688.0,25480.0,0.13021428571428573,33,573,stayers
5400400,25.0,83325.0,873.5,75350.0,1022.0,29050.0,0.1568,38,848,stayers
5400500,20.0,57060.0,680.0,47900.0,442.0,20200.0,0.12486187845303867,26,523,stayers
5400600,20.0,60000.0,620.0,50100.0,434.0,20400.0,0.12271232876712329,23,369,stayers
5400700,15.0,67380.0,710.0,58500.0,596.0,25900.0,0.12886543535620054,16,401,stayers
5400800,20.0,58800.0,717.5,48000.0,577.0,19000.0,0.1537331640176962,24,481,stayers
5400900,30.0,63760.0,651.0,60000.0,623.0,25750.0,0.14444444444444443,11,308,stayers
5401000,15.0,64300.0,750.0,54300.0,600.0,24600.0,0.1376842105263158,31,645,stayers
5401100,20.0,54265.0,670.0,45000.0,438.0,21300.0,0.132,6,341,stayers
5401200,20.0,59700.0,703.0,52200.0,540.0,19100.0,0.13905882352941176,30,487,stayers
5401300,25.0,48000.0,650.0,44900.0,422.5,17000.0,0.12611320754716981,19,233,stayers
5500100,20.0,66300.0,685.0,60400.0,761.5,27350.0,0.1615304347826087,51,1557,stayers
5500104,20.0,103750.0,1130.0,93400.0,1520.0,40000.0,0.1824,22,1674,stayers
5500200,15.0,81000.0,812.0,75000.0,1093.0,32000.0,0.1655011655011655,12,711,stayers
5500600,15.0,68800.0,702.0,61600.0,750.0,27000.0,0.15509644680112988,18,727,stayers
5500700,20.0,75800.0,745.0,70200.0,969.0,30000.0,0.16413170770835006,37,1769,stayers
5500800,20.0,80000.0,720.0,75000.0,986.5,32500.0,0.15906976744186047,21,1408,stayers
5500900,15.0,89800.0,950.0,79150.0,1034.5,35000.0,0.1704201680672269,11,381,stayers
5501000,20.0,85000.0,860.0,79900.0,1123.0,34550.0,0.1738823529411765,10,865,stayers
5501001,20.0,86600.0,890.0,81000.0,1081.0,32000.0,0.1671878134950059,24,940,stayers
5501300,20.0,65300.0,800.0,59300.0,714.0,26000.0,0.15229411764705883,19,694,stayers
5501301,20.0,85000.0,664.0,78400.0,848.5,34200.0,0.13305439330543933,12,673,stayers
5501400,20.0,70000.0,700.0,64360.0,828.0,28815.0,0.16125,28,1262,stayers
5501401,20.0,88000.0,790.0,81000.0,1103.0,35000.0,0.15389999999999998,11,794,stayers
5501500,18.5,89000.0,844.5,82500.0,1090.0,31600.0,0.15731868131868132,21,714,stayers
5501501,15.0,82400.0,808.0,76700.0,993.0,32675.0,0.1569266190637298,12,559,stayers
5501600,20.0,84000.0,760.0,76000.0,966.0,33000.0,0.15836842105263157,13,785,stayers
5501601,20.0,72900.0,766.0,66750.0,830.0,29000.0,0.16269473684210528,24,1101,stayers
5502400,20.0,78930.0,940.0,74000.0,1083.0,30000.0,0.17109039548022598,21,570,stayers
5502500,15.0,84500.0,823.0,78000.0,984.0,32800.0,0.16,15,488,stayers
5510000,20.0,87000.0,890.0,74000.0,1186.0,30000.0,0.18255737704918032,12,410,stayers
5520000,20.0,103000.0,850.0,94000.0,1305.0,38000.0,0.15745376776953077,13,690,stayers
5530000,20.0,89900.0,850.0,81000.0,1170.0,30500.0,0.17410579345088162,14,504,stayers
5540100,20.0,80000.0,890.0,70000.0,1178.5,30000.0,0.1883584474885845,85,2426,stayers
5550000,20.0,85000.0,941.0,76800.0,1163.0,30000.0,0.1756243093922652,13,423,stayers
5555100,20.0,74200.0,781.0,68000.0,918.0,30000.0,0.1623529411764706,49,1755,stayers
5555102,20.0,93000.0,939.0,84500.0,1250.0,35000.0,0.17351955307262568,21,761,stayers
5570100,20.0,112000.0,1040.0,101015.0,1453.0,38200.0,0.16759145237232886,27,1254,stayers
5600100,10.0,80050.0,831.0,72000.0,960.0,33900.0,0.15671641791044777,6,466,stayers
5600200,10.0,73200.0,780.0,67900.0,708.0,29350.0,0.15360000000000001,11,365,stayers
5600300,10.0,85800.0,905.0,80000.0,1273.0,34800.0,0.17742857142857144,14,465,stayers
5600400,15.0,84800.0,850.0,77460.0,959.0,33350.0,0.14643423137876388,9,482,stayers
5600500,10.0,72600.0,705.0,65200.0,626.0,26500.0,0.14009049773755655,31,546,stayers
